-- phpMyAdmin SQL Dump
-- version 4.8.5
-- https://www.phpmyadmin.net/
--
-- Host: 127.0.0.1
-- Generation Time: Mar 02, 2026 at 06:38 AM
-- Server version: 10.1.38-MariaDB
-- PHP Version: 5.6.40

SET SQL_MODE = "NO_AUTO_VALUE_ON_ZERO";
SET AUTOCOMMIT = 0;
START TRANSACTION;
SET time_zone = "+00:00";


/*!40101 SET @OLD_CHARACTER_SET_CLIENT=@@CHARACTER_SET_CLIENT */;
/*!40101 SET @OLD_CHARACTER_SET_RESULTS=@@CHARACTER_SET_RESULTS */;
/*!40101 SET @OLD_COLLATION_CONNECTION=@@COLLATION_CONNECTION */;
/*!40101 SET NAMES utf8mb4 */;

--
-- Database: `hospital_kpi`
--

-- --------------------------------------------------------

--
-- Table structure for table `positions`
--

CREATE TABLE `positions` (
  `id` int(11) NOT NULL,
  `position_code` varchar(10) NOT NULL DEFAULT '',
  `position_name` varchar(100) NOT NULL,
  `sort_order` int(11) NOT NULL DEFAULT '0',
  `job_class` varchar(50) DEFAULT NULL,
  `is_active` tinyint(1) NOT NULL DEFAULT '1',
  `created_at` datetime NOT NULL DEFAULT CURRENT_TIMESTAMP,
  `updated_at` datetime NOT NULL DEFAULT CURRENT_TIMESTAMP ON UPDATE CURRENT_TIMESTAMP
) ENGINE=InnoDB DEFAULT CHARSET=utf8mb4;

--
-- Dumping data for table `positions`
--

INSERT INTO `positions` (`id`, `position_code`, `position_name`, `sort_order`, `job_class`, `is_active`, `created_at`, `updated_at`) VALUES
(1, '05', 'พยาบาลวิชาชีพ', 4, 'วิชาชีพ', 1, '2025-10-23 16:49:28', '2025-11-02 13:02:02'),
(2, '01', 'แพทย์', 1, 'วิชาชีพ', 1, '2025-10-23 16:49:28', '2025-10-26 17:23:45'),
(3, '20', 'เจ้าพนักงานธุรการ', 20, 'สนับสนุน', 1, '2025-10-23 16:49:28', '2025-10-24 13:38:59'),
(4, '10', 'นักวิชาการคอมพิวเตอร์', 23, NULL, 1, '2025-10-23 17:03:20', '2025-11-02 13:12:52'),
(5, '02', 'ทันตแพทย์', 3, NULL, 1, '2025-10-24 13:27:51', '2025-11-17 17:23:47'),
(6, '03', 'เภสัชกร', 3, NULL, 1, '2025-10-24 13:27:59', '2025-10-26 17:23:56'),
(7, '04', 'พยาบาลเทคนิค', 5, NULL, 1, '2025-10-24 13:28:05', '2025-11-02 13:02:09'),
(8, '06', 'ผู้ช่วยทันตแพทย์', 26, NULL, 1, '2025-10-24 13:28:10', '2025-11-02 13:14:13'),
(9, '07', 'ผู้ช่วยเภสัชกร', 18, NULL, 1, '2025-10-24 13:28:14', '2025-11-02 13:08:35'),
(10, '08', 'เทคนิคการแพทย์', 6, NULL, 1, '2025-10-24 13:30:40', '2025-11-02 13:02:28'),
(11, '09', 'เจ้าหน้าที่กายภาพ', 25, NULL, 1, '2025-10-24 13:30:48', '2025-11-02 13:13:31'),
(12, '11', 'พนักงานเก็บเอกสารทั่วไป', 46, NULL, 1, '2025-10-24 13:30:59', '2025-11-02 13:14:26'),
(13, '12', 'นักวิชาการสาธารณสุข', 11, NULL, 1, '2025-10-24 13:31:06', '2025-11-02 13:04:46'),
(14, '13', 'พนักงานช่วยเหลือคนไข้', 22, NULL, 1, '2025-10-24 13:31:12', '2025-11-02 13:11:08'),
(15, '14', 'เจ้าพนักงานทันตกรรม', 12, NULL, 1, '2025-10-24 13:31:16', '2025-11-02 13:05:17'),
(16, '15', 'เจ้าพนักงานเวชสถิติ', 16, NULL, 1, '2025-10-24 13:31:20', '2025-11-02 13:07:30'),
(17, '16', 'เจ้าพนักงานธุรการ', 27, NULL, 1, '2025-10-24 13:31:24', '2025-11-02 13:14:43'),
(18, '17', 'เจ้าพนักงานเวชกิจฉุกเฉิน', 14, NULL, 1, '2025-10-24 13:31:27', '2025-11-02 13:05:55'),
(19, '18', 'เจ้าพนักงานการเงินและบัญชี', 18, NULL, 1, '2025-10-24 13:31:31', '2025-10-30 10:44:21'),
(20, '19', 'เจ้าพนักงานเภสัชกรรม', 17, NULL, 1, '2025-10-24 13:31:35', '2025-11-02 13:08:23'),
(21, '21', 'พนักงานพิมพ์', 21, NULL, 1, '2025-10-24 13:31:50', '2025-10-24 13:38:37'),
(22, '22', 'นักโภชนาการ', 9, NULL, 1, '2025-10-24 13:31:54', '2025-11-02 13:03:48'),
(23, '23', 'นักกายภาพบำบัด', 8, NULL, 1, '2025-10-24 13:31:58', '2025-11-02 13:02:59'),
(24, '24', 'นักจิตวิทยา', 10, NULL, 1, '2025-10-24 13:32:01', '2025-11-02 13:04:32'),
(25, '25', 'แพทย์แผนไทย', 13, NULL, 1, '2025-10-24 13:32:06', '2025-11-02 13:05:34'),
(26, '26', 'เจ้าพนักงานวิทยาศาสตร์การแพทย์', 19, NULL, 1, '2025-10-24 13:32:09', '2025-11-02 13:09:40'),
(28, '30', 'นักรังสีการแพทย์', 7, NULL, 1, '2025-10-24 13:32:22', '2025-11-02 13:02:41'),
(29, '28', 'นักวิชาการเงินและบัญชี', 24, NULL, 1, '2025-10-24 13:32:37', '2025-11-02 13:13:15'),
(30, '27', 'นักวิชาการพัสดุ', 25, NULL, 1, '2025-10-24 13:32:47', '2025-11-02 13:13:51'),
(31, '31', 'พนักงานขับรถยนต์', 31, NULL, 1, '2025-10-29 16:03:10', '2025-10-29 16:03:10'),
(32, '32', 'พนักงานทำความสะอาด', 32, NULL, 1, '2025-10-30 09:05:53', '2025-10-30 09:05:53'),
(33, '33', 'ช่างไฟฟ้า', 33, NULL, 1, '2025-10-30 09:06:09', '2025-10-30 09:06:09'),
(34, '34', 'ช่างเทคนิค', 34, NULL, 1, '2025-10-30 09:23:02', '2025-10-30 09:27:30'),
(36, '35', 'พนักงานเก็บเงิน', 35, NULL, 1, '2025-10-30 09:27:43', '2025-10-30 09:27:43'),
(42, '36', 'พนักงานรักษาความปลอดภัย', 36, NULL, 1, '2025-10-30 12:58:02', '2025-10-30 12:58:02'),
(43, '37', 'พนักงานบริการ(คนสวน)', 47, NULL, 1, '2025-10-30 12:58:25', '2025-11-02 12:56:21'),
(44, '38', 'ผู้ช่วยห้องปฏิบัติการ', 21, NULL, 1, '2025-10-30 12:58:45', '2025-11-02 13:11:00'),
(45, '39', 'พนักงานรังสีเทคนิคการแพทย์', 20, NULL, 1, '2025-10-30 12:58:56', '2025-11-02 13:10:10'),
(46, '40', 'พนักงานเปล', 40, NULL, 1, '2025-10-30 16:33:01', '2025-10-30 16:33:01'),
(47, '41', 'พนักงานประกอบอาหาร', 41, NULL, 1, '2025-10-30 16:33:18', '2025-10-30 16:33:18'),
(48, '42', 'เจ้าพนักงานสาธารณสุข(อายุรเวช)', 42, NULL, 1, '2025-10-30 16:35:37', '2025-10-31 08:12:01'),
(49, '43', 'พนักงานเกษตรพื้นฐาน', 43, NULL, 1, '2025-10-31 08:12:24', '2025-10-31 08:12:24'),
(50, '44', 'พนักงานประจำห้องยา', 44, NULL, 1, '2025-10-31 08:12:39', '2025-10-31 08:12:39'),
(51, '45', 'นักวิชาการสาธารณสุข(เวชสถิติ)', 15, NULL, 1, '2025-10-31 11:19:35', '2025-11-02 13:06:30'),
(52, '46', 'พนักงานบริการ', 46, NULL, 1, '2025-11-02 08:38:33', '2025-11-02 08:38:33'),
(53, '47', 'โภชนากร', 47, NULL, 1, '2025-11-03 14:48:18', '2025-11-03 14:48:18'),
(54, '48', 'พนักงานธุรการ', 48, NULL, 1, '2025-11-03 14:49:10', '2025-11-03 14:49:10'),
(55, '49', 'ช่างต่อท่อ', 49, NULL, 1, '2025-11-03 14:49:41', '2025-11-03 14:49:41'),
(57, '50', 'พนักงานช่วยการพยาบาล', 50, NULL, 1, '2025-11-03 15:23:27', '2025-11-03 15:23:27'),
(58, '51', 'แพทย์เฉพาะทาง', 2, NULL, 1, '2025-11-04 11:28:56', '2025-11-17 17:23:56'),
(59, '99', 'อื่นๆ', 99, NULL, 1, '2025-11-09 09:53:13', '2025-11-09 09:53:13');

-- --------------------------------------------------------

--
-- Table structure for table `tb_categories`
--

CREATE TABLE `tb_categories` (
  `id` int(11) NOT NULL,
  `name` varchar(191) COLLATE utf8mb4_unicode_ci NOT NULL,
  `description` text COLLATE utf8mb4_unicode_ci,
  `created_at` timestamp NOT NULL DEFAULT CURRENT_TIMESTAMP
) ENGINE=InnoDB DEFAULT CHARSET=utf8mb4 COLLATE=utf8mb4_unicode_ci;

--
-- Dumping data for table `tb_categories`
--

INSERT INTO `tb_categories` (`id`, `name`, `description`, `created_at`) VALUES
(1, 'ผลลัพธ์ทางคลินิก', 'Clinical outcomes เช่น mortality, control rate, control rate NCD', '2025-11-18 02:21:22'),
(2, 'คุณภาพและความปลอดภัยผู้ป่วย', 'Patient safety เช่น pressure injury, fall, medication error', '2025-11-18 02:21:22'),
(3, 'การเข้าถึงและความต่อเนื่องของบริการ', 'Access & continuity เช่น waiting time, follow-up', '2025-11-18 02:21:22'),
(4, 'ประสิทธิภาพการให้บริการ', 'Service efficiency เช่น ALOS, throughput, productivity', '2025-11-18 02:21:22'),
(5, 'ทรัพยากรบุคลากร', 'Human resources เช่น staffing, turnover', '2025-11-18 02:21:22'),
(6, 'การเงินและต้นทุน', 'Finance & cost, revenue, expense', '2025-11-18 02:21:22'),
(7, 'ระบบสารสนเทศและนวัตกรรม', 'IT, digital health, innovation', '2025-11-18 02:21:22'),
(8, 'ความพึงพอใจผู้รับบริการและผู้มีส่วนได้ส่วนเสีย', 'Satisfaction & stakeholder engagement', '2025-11-18 02:21:22'),
(9, 'คุณภาพบริการคลินิก NCD', NULL, '2025-11-23 04:16:47'),
(10, 'คุณภาพผลลัพธ์การรักษา (Outcome)', NULL, '2025-11-23 04:16:47'),
(11, 'ความปลอดภัย/อุบัติเหตุทางถนน', NULL, '2025-11-23 04:16:47'),
(13, 'ประเด็นยุทธศาสตร์', 'ใช้เชื่อม tb_strategic_issues ทั้ง 4 ด้าน', '2025-11-24 03:44:15');

-- --------------------------------------------------------

--
-- Table structure for table `tb_departments`
--

CREATE TABLE `tb_departments` (
  `id` int(11) NOT NULL,
  `workgroup_id` int(11) NOT NULL,
  `department_name` varchar(255) COLLATE utf8mb4_unicode_ci NOT NULL,
  `description` text COLLATE utf8mb4_unicode_ci
) ENGINE=InnoDB DEFAULT CHARSET=utf8mb4 COLLATE=utf8mb4_unicode_ci;

--
-- Dumping data for table `tb_departments`
--

INSERT INTO `tb_departments` (`id`, `workgroup_id`, `department_name`, `description`) VALUES
(1, 5, 'งานเทคนิคการแพทย์', NULL),
(2, 6, 'งานองค์กรแพทย์', NULL),
(3, 16, 'งานสุขภาพดิจิทัล', NULL),
(4, 7, 'งานทันตกรรม', NULL),
(5, 13, 'งานกายภาพบำบัด', NULL),
(6, 4, 'งานอุบัติเหตุและเวชกิจฉุกเฉิน', NULL),
(7, 4, 'งานผู้ป่วยนอก', NULL),
(8, 4, 'งานผู้ป่วยโรคไม่ติดต่อเรื้อรัง', NULL),
(9, 4, 'งานผู้ป่วยในชาย(สงฆ์อาพาธ)', NULL),
(10, 4, 'งานผู้ป่วยในหญิง', NULL),
(11, 4, 'งานห้องผ่าตัด', NULL),
(12, 4, 'งานติดเชื้อและจ่ายกลาง', NULL),
(13, 4, 'งานพยาบาลผู้ป่วยคลอด', NULL),
(14, 11, 'งานประกันสุขภาพ', NULL),
(15, 8, 'งานเภสัชกรรมชุมชน', NULL),
(16, 9, 'งานปฐมภูมิและองค์รวม', NULL),
(17, 10, 'งานจิตเวชและยาเสพติด', NULL),
(18, 12, 'งานรังสีวิทยา', NULL),
(19, 15, 'งานแพทย์แผนไทย', NULL),
(20, 1, 'งานบริหารทั่วไป', NULL),
(21, 1, 'งานธุรการ', NULL),
(22, 1, 'งานการเงินและบัญชี', NULL),
(23, 1, 'งานยานพาหนะ', NULL),
(24, 1, 'งานช่างและซ่อมบำรุง', NULL),
(25, 1, 'งานรักษาความปลอดภัย', NULL),
(26, 14, 'งานโภชนศาสตร์', NULL),
(27, 1, 'งานสนาม', NULL),
(28, 4, 'งานการพยาบาล', NULL),
(29, 6, 'งานองค์กรแพทย์เฉพาะทาง', NULL),
(30, 17, 'อื่นๆ', NULL);

-- --------------------------------------------------------

--
-- Table structure for table `tb_fiscal_years`
--

CREATE TABLE `tb_fiscal_years` (
  `year` int(11) NOT NULL
) ENGINE=InnoDB DEFAULT CHARSET=utf8mb4 COLLATE=utf8mb4_unicode_ci;

--
-- Dumping data for table `tb_fiscal_years`
--

INSERT INTO `tb_fiscal_years` (`year`) VALUES
(2566),
(2567),
(2568),
(2569),
(2570);

-- --------------------------------------------------------

--
-- Table structure for table `tb_kpis_backup`
--

CREATE TABLE `tb_kpis_backup` (
  `id` int(11) NOT NULL,
  `strategic_issue` varchar(191) COLLATE utf8mb4_unicode_ci NOT NULL,
  `mission` varchar(191) COLLATE utf8mb4_unicode_ci NOT NULL,
  `fiscal_year` int(11) NOT NULL,
  `quarter1` int(11) NOT NULL DEFAULT '0',
  `quarter2` int(11) NOT NULL DEFAULT '0',
  `quarter3` int(11) NOT NULL DEFAULT '0',
  `quarter4` int(11) NOT NULL DEFAULT '0',
  `kpi_name` varchar(191) COLLATE utf8mb4_unicode_ci NOT NULL,
  `description` text COLLATE utf8mb4_unicode_ci,
  `category_id` int(11) DEFAULT NULL,
  `target_value` decimal(12,2) DEFAULT NULL,
  `actual_value` decimal(12,2) DEFAULT NULL,
  `variance` decimal(12,2) DEFAULT NULL,
  `status` enum('Success','Fail','Warning') COLLATE utf8mb4_unicode_ci NOT NULL DEFAULT 'Warning',
  `responsible_person` varchar(191) COLLATE utf8mb4_unicode_ci DEFAULT NULL,
  `action_plan` text COLLATE utf8mb4_unicode_ci,
  `root_cause` text COLLATE utf8mb4_unicode_ci,
  `suggestions` text COLLATE utf8mb4_unicode_ci,
  `last_update` timestamp NOT NULL DEFAULT CURRENT_TIMESTAMP ON UPDATE CURRENT_TIMESTAMP,
  `unit` varchar(50) COLLATE utf8mb4_unicode_ci DEFAULT NULL,
  `operation` enum('=','>','<','>=','<=') COLLATE utf8mb4_unicode_ci NOT NULL DEFAULT '='
) ENGINE=InnoDB DEFAULT CHARSET=utf8mb4 COLLATE=utf8mb4_unicode_ci;

-- --------------------------------------------------------

--
-- Table structure for table `tb_kpis_legacy`
--

CREATE TABLE `tb_kpis_legacy` (
  `id` int(11) NOT NULL,
  `strategic_issue` varchar(191) COLLATE utf8mb4_unicode_ci NOT NULL,
  `mission` varchar(191) COLLATE utf8mb4_unicode_ci NOT NULL,
  `fiscal_year` int(11) NOT NULL,
  `quarter1` int(11) NOT NULL DEFAULT '0',
  `quarter2` int(11) NOT NULL DEFAULT '0',
  `quarter3` int(11) NOT NULL DEFAULT '0',
  `quarter4` int(11) NOT NULL DEFAULT '0',
  `kpi_name` varchar(191) COLLATE utf8mb4_unicode_ci NOT NULL,
  `description` text COLLATE utf8mb4_unicode_ci,
  `category_id` int(11) DEFAULT NULL,
  `target_value` decimal(12,2) DEFAULT NULL,
  `actual_value` decimal(12,2) DEFAULT NULL,
  `variance` decimal(12,2) DEFAULT NULL,
  `status` enum('Success','Fail','Warning') COLLATE utf8mb4_unicode_ci NOT NULL DEFAULT 'Warning',
  `responsible_person` varchar(191) COLLATE utf8mb4_unicode_ci DEFAULT NULL,
  `action_plan` text COLLATE utf8mb4_unicode_ci,
  `root_cause` text COLLATE utf8mb4_unicode_ci,
  `suggestions` text COLLATE utf8mb4_unicode_ci,
  `last_update` timestamp NOT NULL DEFAULT CURRENT_TIMESTAMP ON UPDATE CURRENT_TIMESTAMP,
  `unit` varchar(50) COLLATE utf8mb4_unicode_ci DEFAULT NULL,
  `operation` enum('=','>','<','>=','<=') COLLATE utf8mb4_unicode_ci NOT NULL DEFAULT '='
) ENGINE=InnoDB DEFAULT CHARSET=utf8mb4 COLLATE=utf8mb4_unicode_ci;

-- --------------------------------------------------------

--
-- Table structure for table `tb_kpi_instances`
--

CREATE TABLE `tb_kpi_instances` (
  `id` int(11) NOT NULL,
  `template_id` int(11) NOT NULL,
  `fiscal_year` int(11) NOT NULL,
  `quarter1` tinyint(1) NOT NULL DEFAULT '0',
  `quarter2` tinyint(1) NOT NULL DEFAULT '0',
  `quarter3` tinyint(1) NOT NULL DEFAULT '0',
  `quarter4` tinyint(1) NOT NULL DEFAULT '0',
  `operation` enum('=','<','>','<=','>=') COLLATE utf8mb4_unicode_ci NOT NULL DEFAULT '=',
  `target_value` decimal(12,4) DEFAULT NULL,
  `unit` varchar(64) COLLATE utf8mb4_unicode_ci DEFAULT NULL,
  `actual_value` decimal(12,4) DEFAULT NULL,
  `variance` decimal(12,4) DEFAULT NULL,
  `status` enum('Success','Fail','Warning') COLLATE utf8mb4_unicode_ci DEFAULT NULL,
  `department_id` varchar(255) COLLATE utf8mb4_unicode_ci DEFAULT NULL,
  `responsible_person` varchar(255) COLLATE utf8mb4_unicode_ci DEFAULT NULL,
  `workgroup_id` int(11) DEFAULT NULL,
  `action_plan` text COLLATE utf8mb4_unicode_ci,
  `root_cause` text COLLATE utf8mb4_unicode_ci,
  `suggestions` text COLLATE utf8mb4_unicode_ci,
  `last_update` timestamp NOT NULL DEFAULT CURRENT_TIMESTAMP ON UPDATE CURRENT_TIMESTAMP
) ENGINE=InnoDB DEFAULT CHARSET=utf8mb4 COLLATE=utf8mb4_unicode_ci;

--
-- Dumping data for table `tb_kpi_instances`
--

INSERT INTO `tb_kpi_instances` (`id`, `template_id`, `fiscal_year`, `quarter1`, `quarter2`, `quarter3`, `quarter4`, `operation`, `target_value`, `unit`, `actual_value`, `variance`, `status`, `department_id`, `responsible_person`, `workgroup_id`, `action_plan`, `root_cause`, `suggestions`, `last_update`) VALUES
(1, 1, 2568, 1, 0, 0, 0, '>=', '85.0000', 'เปอร์เซ็นต์', '85.0000', '0.0000', 'Success', NULL, 'ทีมบริหารและพัฒนาคุณภาพโรงพยาบาล', 1, '', '', '', '2025-11-18 03:19:40'),
(2, 2, 2568, 1, 0, 0, 0, '<=', '4.5000', 'วัน', '4.5000', '0.0000', 'Success', NULL, 'ทีมบริหารและพัฒนาคุณภาพโรงพยาบาล', 1, '', '', '', '2025-11-18 03:19:40'),
(3, 3, 2568, 1, 0, 0, 0, '<=', '8.0000', 'เปอร์เซ็นต์', '8.0000', '0.0000', 'Success', NULL, 'ทีมบริหารและพัฒนาคุณภาพโรงพยาบาล', 1, '', '', '', '2025-11-18 03:19:40'),
(4, 4, 2568, 1, 0, 0, 0, '<=', '10.0000', 'ต่อ 1,000 AN', '10.0000', '0.0000', 'Success', NULL, 'ทีมบริหารและพัฒนาคุณภาพโรงพยาบาล', 1, '', '', '', '2025-11-18 03:19:40'),
(5, 5, 2568, 1, 0, 0, 0, '>=', '85.0000', 'เปอร์เซ็นต์', '85.0000', '0.0000', 'Success', NULL, 'ทีมบริหารและพัฒนาคุณภาพโรงพยาบาล', 1, '', '', '', '2025-11-18 03:19:40'),
(6, 6, 2568, 1, 0, 0, 0, '<=', '120.0000', 'นาที', '112.0000', '8.0000', 'Success', NULL, 'หัวหน้าฝ่ายผู้ป่วยนอก', NULL, '', '', '', '2025-11-19 01:12:24'),
(7, 7, 2568, 1, 0, 0, 0, '>=', '80.0000', 'เปอร์เซ็นต์', '80.0000', '0.0000', 'Success', NULL, 'หัวหน้าฝ่ายผู้ป่วยนอก', 2, '', '', '', '2025-11-18 03:19:40'),
(8, 8, 2568, 1, 0, 0, 0, '<=', '5.0000', 'เปอร์เซ็นต์', '5.0000', '0.0000', 'Success', NULL, 'หัวหน้าฝ่ายผู้ป่วยนอก', 2, '', '', '', '2025-11-18 03:19:40'),
(9, 9, 2568, 1, 0, 0, 0, '>=', '45.0000', 'เปอร์เซ็นต์', '45.0000', '0.0000', 'Success', NULL, 'หัวหน้าคลินิกโรคไม่ติดต่อเรื้อรัง', 3, '', '', '', '2025-11-18 03:19:40'),
(10, 10, 2568, 1, 0, 0, 0, '>=', '65.0000', 'เปอร์เซ็นต์', '65.0000', '0.0000', 'Success', NULL, 'หัวหน้าคลินิกโรคไม่ติดต่อเรื้อรัง', 3, '', '', '', '2025-11-18 03:19:40'),
(11, 11, 2568, 1, 0, 0, 0, '<=', '10.0000', 'ครั้งต่อ 100 ผู้ป่วย', '10.0000', '0.0000', 'Success', NULL, 'หัวหน้าคลินิกโรคไม่ติดต่อเรื้อรัง', 3, '', '', '', '2025-11-18 03:19:40'),
(12, 12, 2568, 1, 0, 0, 0, '>=', '60.0000', 'เปอร์เซ็นต์', '60.0000', '0.0000', 'Success', NULL, 'หัวหน้าทีมทันตกรรม', 4, '', '', '', '2025-11-18 03:19:40'),
(13, 13, 2568, 1, 0, 0, 0, '>=', '80.0000', 'เปอร์เซ็นต์', '80.0000', '0.0000', 'Success', NULL, 'หัวหน้าทีมทันตกรรม', 4, '', '', '', '2025-11-18 03:19:40'),
(14, 14, 2568, 1, 0, 0, 0, '<=', '1.0000', 'ต่อ 1,000 วันนอน', '1.0000', '0.0000', 'Success', NULL, 'หัวหน้าพยาบาลผู้ป่วยใน', 5, '', '', '', '2025-11-18 03:19:40'),
(15, 15, 2568, 1, 0, 0, 0, '<=', '0.5000', 'ต่อ 1,000 วันนอน', '0.5000', '0.0000', 'Success', NULL, 'หัวหน้าพยาบาลผู้ป่วยใน', 5, '', '', '', '2025-11-18 03:19:40'),
(16, 16, 2568, 1, 0, 0, 0, '<=', '1.0000', 'ต่อ 1,000 doses', '1.0000', '0.0000', 'Success', NULL, 'คณะกรรมการยาและเภสัชกรรม', 16, '', '', '', '2025-11-18 03:19:40'),
(17, 17, 2568, 1, 0, 0, 0, '>=', '70.0000', 'เปอร์เซ็นต์', '70.0000', '0.0000', 'Success', NULL, 'หัวหน้าทีมจิตเวชและยาเสพติด', 7, '', '', '', '2025-11-18 03:19:40'),
(18, 18, 2568, 1, 0, 0, 0, '>=', '60.0000', 'เปอร์เซ็นต์', '60.0000', '0.0000', 'Success', NULL, 'หัวหน้าทีมจิตเวชและยาเสพติด', 7, '', '', '', '2025-11-18 03:19:40'),
(19, 19, 2568, 1, 0, 0, 0, '>=', '90.0000', 'เปอร์เซ็นต์', '90.0000', '0.0000', 'Success', NULL, 'หัวหน้าทีมโรคติดต่อทางเพศสัมพันธ์', 8, '', '', '', '2025-11-18 03:19:40'),
(20, 20, 2568, 1, 0, 0, 0, '>=', '60.0000', 'เปอร์เซ็นต์', '62.0000', '-2.0000', 'Success', NULL, 'หัวหน้าทีมโรคติดต่อทางเพศสัมพันธ์', NULL, '', '', '', '2025-11-19 01:44:51'),
(22, 22, 2568, 1, 0, 0, 0, '>=', '85.0000', 'เปอร์เซ็นต์', '85.0000', '0.0000', 'Success', NULL, 'หัวหน้าทีมผ่าตัดตา', 9, '', '', '', '2025-11-18 03:19:40'),
(23, 23, 2568, 1, 0, 0, 0, '<=', '57.0000', 'วัน', '71.0000', '-14.0000', 'Fail', NULL, 'หัวหน้าทีมคลินิกทางเดินปัสสาวะ', NULL, '', '', '', '2025-11-23 07:30:12'),
(24, 24, 2568, 1, 0, 0, 0, '<=', '20.0000', 'เปอร์เซ็นต์', '20.0000', '0.0000', 'Success', NULL, 'หัวหน้าทีมคลินิกทางเดินปัสสาวะ', 10, '', '', '', '2025-11-18 03:19:40'),
(25, 25, 2568, 1, 0, 0, 0, '>=', '80.0000', 'เปอร์เซ็นต์', '84.0000', '-4.0000', 'Success', NULL, 'หัวหน้าทีมคลินิกหัวใจ', NULL, '', '', '', '2025-11-19 02:06:08'),
(26, 26, 2568, 1, 0, 0, 0, '>=', '80.0000', 'เปอร์เซ็นต์', '80.0000', '0.0000', 'Success', NULL, 'หัวหน้าทีมคลินิกหัวใจ', 11, '', '', '', '2025-11-18 03:19:40'),
(27, 27, 2568, 1, 0, 0, 0, '>=', '80.0000', 'เปอร์เซ็นต์', '80.0000', '0.0000', 'Success', NULL, 'หัวหน้าทีมคลินิกไตเทียม', 12, '', '', '', '2025-11-18 03:19:40'),
(28, 28, 2568, 1, 0, 0, 0, '<=', '2.0000', 'ต่อ 1,000 catheter-days', '2.0000', '0.0000', 'Success', NULL, 'หัวหน้าทีมคลินิกไตเทียม', 12, '', '', '', '2025-11-18 03:19:40'),
(29, 29, 2568, 1, 0, 0, 0, '<=', '8.0000', 'ผู้ป่วยต่อพยาบาล', '8.0000', '0.0000', 'Success', NULL, 'หัวหน้ากลุ่มการพยาบาล', 5, '', '', '', '2025-11-18 03:19:40'),
(30, 30, 2568, 1, 0, 0, 0, '<=', '10.0000', 'เปอร์เซ็นต์', '10.0000', '0.0000', 'Success', NULL, 'หัวหน้าฝ่ายทรัพยากรบุคคล', 16, '', '', '', '2025-11-18 03:19:40'),
(31, 31, 2568, 1, 0, 0, 0, '>=', '95.0000', 'เปอร์เซ็นต์ของเป้าหมาย', '95.0000', '0.0000', 'Success', NULL, 'หัวหน้าทีมการเงินการคลัง', 18, '', '', '', '2025-11-18 03:19:40'),
(32, 32, 2568, 1, 0, 0, 0, '<=', '30.0000', 'เปอร์เซ็นต์', '30.0000', '0.0000', 'Success', NULL, 'หัวหน้าทีมการเงินการคลัง', 18, '', '', '', '2025-11-18 03:19:40'),
(33, 33, 2568, 1, 0, 0, 0, '>=', '95.0000', 'เปอร์เซ็นต์', '96.0000', '-1.0000', 'Success', NULL, 'หัวหน้างานสุขภาพดิจิทัล', NULL, '', '', '', '2025-11-23 07:09:03'),
(34, 1, 2568, 0, 1, 0, 0, '>=', '85.0000', 'เปอร์เซ็นต์', '85.0000', '0.0000', 'Success', NULL, 'ทีมบริหารและพัฒนาคุณภาพโรงพยาบาล', 1, '', '', '', '2025-11-18 03:19:40'),
(35, 2, 2568, 0, 1, 0, 0, '<=', '4.5000', 'วัน', '4.5000', '0.0000', 'Success', NULL, 'ทีมบริหารและพัฒนาคุณภาพโรงพยาบาล', 1, '', '', '', '2025-11-18 03:19:40'),
(36, 3, 2568, 0, 1, 0, 0, '<=', '8.0000', 'เปอร์เซ็นต์', '8.0000', '0.0000', 'Success', NULL, 'ทีมบริหารและพัฒนาคุณภาพโรงพยาบาล', 1, '', '', '', '2025-11-18 03:19:40'),
(37, 4, 2568, 0, 1, 0, 0, '<=', '10.0000', 'ต่อ 1,000 AN', '10.0000', '0.0000', 'Success', NULL, 'ทีมบริหารและพัฒนาคุณภาพโรงพยาบาล', 1, '', '', '', '2025-11-18 03:19:40'),
(38, 5, 2568, 0, 1, 0, 0, '>=', '85.0000', 'เปอร์เซ็นต์', '85.0000', '0.0000', 'Success', NULL, 'ทีมบริหารและพัฒนาคุณภาพโรงพยาบาล', 1, '', '', '', '2025-11-18 03:19:40'),
(39, 6, 2568, 0, 1, 0, 0, '<=', '120.0000', 'นาที', '116.0000', '4.0000', 'Success', NULL, 'หัวหน้าฝ่ายผู้ป่วยนอก', NULL, '', '', '', '2025-11-19 01:13:06'),
(40, 7, 2568, 0, 1, 0, 0, '>=', '80.0000', 'เปอร์เซ็นต์', '80.0000', '0.0000', 'Success', NULL, 'หัวหน้าฝ่ายผู้ป่วยนอก', 2, '', '', '', '2025-11-18 03:19:40'),
(41, 8, 2568, 0, 1, 0, 0, '<=', '5.0000', 'เปอร์เซ็นต์', '5.0000', '0.0000', 'Success', NULL, 'หัวหน้าฝ่ายผู้ป่วยนอก', 2, '', '', '', '2025-11-18 03:19:40'),
(42, 9, 2568, 0, 1, 0, 0, '>=', '45.0000', 'เปอร์เซ็นต์', '45.0000', '0.0000', 'Success', NULL, 'หัวหน้าคลินิกโรคไม่ติดต่อเรื้อรัง', 3, '', '', '', '2025-11-18 03:19:40'),
(43, 10, 2568, 0, 1, 0, 0, '>=', '65.0000', 'เปอร์เซ็นต์', '65.0000', '0.0000', 'Success', NULL, 'หัวหน้าคลินิกโรคไม่ติดต่อเรื้อรัง', 3, '', '', '', '2025-11-18 03:19:40'),
(44, 11, 2568, 0, 1, 0, 0, '<=', '10.0000', 'ครั้งต่อ 100 ผู้ป่วย', '10.0000', '0.0000', 'Success', NULL, 'หัวหน้าคลินิกโรคไม่ติดต่อเรื้อรัง', 3, '', '', '', '2025-11-18 03:19:40'),
(45, 12, 2568, 0, 1, 0, 0, '>=', '60.0000', 'เปอร์เซ็นต์', '60.0000', '0.0000', 'Success', NULL, 'หัวหน้าทีมทันตกรรม', 4, '', '', '', '2025-11-18 03:19:40'),
(46, 13, 2568, 0, 1, 0, 0, '>=', '80.0000', 'เปอร์เซ็นต์', '80.0000', '0.0000', 'Success', NULL, 'หัวหน้าทีมทันตกรรม', 4, '', '', '', '2025-11-18 03:19:40'),
(47, 14, 2568, 0, 1, 0, 0, '<=', '1.0000', 'ต่อ 1,000 วันนอน', '1.0000', '0.0000', 'Success', NULL, 'หัวหน้าพยาบาลผู้ป่วยใน', 5, '', '', '', '2025-11-18 03:19:40'),
(48, 15, 2568, 0, 1, 0, 0, '<=', '0.5000', 'ต่อ 1,000 วันนอน', '0.5000', '0.0000', 'Success', NULL, 'หัวหน้าพยาบาลผู้ป่วยใน', 5, '', '', '', '2025-11-18 03:19:40'),
(49, 16, 2568, 0, 1, 0, 0, '<=', '1.0000', 'ต่อ 1,000 doses', '1.0000', '0.0000', 'Success', NULL, 'คณะกรรมการยาและเภสัชกรรม', 16, '', '', '', '2025-11-18 03:19:40'),
(50, 17, 2568, 0, 1, 0, 0, '>=', '70.0000', 'เปอร์เซ็นต์', '70.0000', '0.0000', 'Success', NULL, 'หัวหน้าทีมจิตเวชและยาเสพติด', 7, '', '', '', '2025-11-18 03:19:40'),
(51, 18, 2568, 0, 1, 0, 0, '>=', '60.0000', 'เปอร์เซ็นต์', '60.0000', '0.0000', 'Success', NULL, 'หัวหน้าทีมจิตเวชและยาเสพติด', 7, '', '', '', '2025-11-18 03:19:40'),
(52, 19, 2568, 0, 1, 0, 0, '>=', '90.0000', 'เปอร์เซ็นต์', '90.0000', '0.0000', 'Success', NULL, 'หัวหน้าทีมโรคติดต่อทางเพศสัมพันธ์', 8, '', '', '', '2025-11-18 03:19:40'),
(53, 20, 2568, 0, 1, 0, 0, '>=', '60.0000', 'เปอร์เซ็นต์', '65.0000', '-5.0000', 'Success', NULL, 'หัวหน้าทีมโรคติดต่อทางเพศสัมพันธ์', NULL, '', '', '', '2025-11-19 01:56:21'),
(55, 22, 2568, 0, 1, 0, 0, '>=', '85.0000', 'เปอร์เซ็นต์', '85.0000', '0.0000', 'Success', NULL, 'หัวหน้าทีมผ่าตัดตา', 9, '', '', '', '2025-11-18 03:19:40'),
(56, 23, 2568, 0, 1, 0, 0, '<=', '57.0000', 'วัน', '42.0000', '15.0000', 'Success', NULL, 'หัวหน้าทีมคลินิกทางเดินปัสสาวะ', NULL, '', '', '', '2025-11-23 07:30:19'),
(57, 24, 2568, 0, 1, 0, 0, '<=', '20.0000', 'เปอร์เซ็นต์', '20.0000', '0.0000', 'Success', NULL, 'หัวหน้าทีมคลินิกทางเดินปัสสาวะ', 10, '', '', '', '2025-11-18 03:19:40'),
(58, 25, 2568, 0, 1, 0, 0, '>=', '80.0000', 'เปอร์เซ็นต์', '82.0000', '-2.0000', 'Success', NULL, 'หัวหน้าทีมคลินิกหัวใจ', NULL, '', '', '', '2025-11-19 02:06:16'),
(59, 26, 2568, 0, 1, 0, 0, '>=', '80.0000', 'เปอร์เซ็นต์', '80.0000', '0.0000', 'Success', NULL, 'หัวหน้าทีมคลินิกหัวใจ', 11, '', '', '', '2025-11-18 03:19:40'),
(60, 27, 2568, 0, 1, 0, 0, '>=', '80.0000', 'เปอร์เซ็นต์', '80.0000', '0.0000', 'Success', NULL, 'หัวหน้าทีมคลินิกไตเทียม', 12, '', '', '', '2025-11-18 03:19:40'),
(61, 28, 2568, 0, 1, 0, 0, '<=', '2.0000', 'ต่อ 1,000 catheter-days', '2.0000', '0.0000', 'Success', NULL, 'หัวหน้าทีมคลินิกไตเทียม', 12, '', '', '', '2025-11-18 03:19:40'),
(62, 29, 2568, 0, 1, 0, 0, '<=', '8.0000', 'ผู้ป่วยต่อพยาบาล', '8.0000', '0.0000', 'Success', NULL, 'หัวหน้ากลุ่มการพยาบาล', 5, '', '', '', '2025-11-18 03:19:40'),
(63, 30, 2568, 0, 1, 0, 0, '<=', '10.0000', 'เปอร์เซ็นต์', '10.0000', '0.0000', 'Success', NULL, 'หัวหน้าฝ่ายทรัพยากรบุคคล', 16, '', '', '', '2025-11-18 03:19:40'),
(64, 31, 2568, 0, 1, 0, 0, '>=', '95.0000', 'เปอร์เซ็นต์ของเป้าหมาย', '95.0000', '0.0000', 'Success', NULL, 'หัวหน้าทีมการเงินการคลัง', 18, '', '', '', '2025-11-18 03:19:40'),
(65, 32, 2568, 0, 1, 0, 0, '<=', '30.0000', 'เปอร์เซ็นต์', '30.0000', '0.0000', 'Success', NULL, 'หัวหน้าทีมการเงินการคลัง', 18, '', '', '', '2025-11-18 03:19:40'),
(66, 33, 2568, 0, 1, 0, 0, '>=', '95.0000', 'เปอร์เซ็นต์', '98.0000', '-3.0000', 'Success', NULL, 'หัวหน้างานสุขภาพดิจิทัล', NULL, '', '', '', '2025-11-23 07:09:10'),
(97, 1, 2568, 0, 0, 1, 0, '>=', '85.0000', 'เปอร์เซ็นต์', '85.0000', '0.0000', 'Success', NULL, 'ทีมบริหารและพัฒนาคุณภาพโรงพยาบาล', 1, '', '', '', '2025-11-18 03:19:40'),
(98, 2, 2568, 0, 0, 1, 0, '<=', '4.5000', 'วัน', '4.5000', '0.0000', 'Success', NULL, 'ทีมบริหารและพัฒนาคุณภาพโรงพยาบาล', 1, '', '', '', '2025-11-18 03:19:40'),
(99, 3, 2568, 0, 0, 1, 0, '<=', '8.0000', 'เปอร์เซ็นต์', '8.0000', '0.0000', 'Success', NULL, 'ทีมบริหารและพัฒนาคุณภาพโรงพยาบาล', 1, '', '', '', '2025-11-18 03:19:40'),
(100, 4, 2568, 0, 0, 1, 0, '<=', '10.0000', 'ต่อ 1,000 AN', '10.0000', '0.0000', 'Success', NULL, 'ทีมบริหารและพัฒนาคุณภาพโรงพยาบาล', 1, '', '', '', '2025-11-18 03:19:40'),
(101, 5, 2568, 0, 0, 1, 0, '>=', '85.0000', 'เปอร์เซ็นต์', '85.0000', '0.0000', 'Success', NULL, 'ทีมบริหารและพัฒนาคุณภาพโรงพยาบาล', 1, '', '', '', '2025-11-18 03:19:40'),
(102, 6, 2568, 0, 0, 1, 0, '<=', '120.0000', 'นาที', '122.0000', '-2.0000', 'Fail', NULL, 'หัวหน้าฝ่ายผู้ป่วยนอก', NULL, '', '', '', '2025-11-19 01:13:33'),
(103, 7, 2568, 0, 0, 1, 0, '>=', '80.0000', 'เปอร์เซ็นต์', '80.0000', '0.0000', 'Success', NULL, 'หัวหน้าฝ่ายผู้ป่วยนอก', 2, '', '', '', '2025-11-18 03:19:40'),
(104, 8, 2568, 0, 0, 1, 0, '<=', '5.0000', 'เปอร์เซ็นต์', '5.0000', '0.0000', 'Success', NULL, 'หัวหน้าฝ่ายผู้ป่วยนอก', 2, '', '', '', '2025-11-18 03:19:40'),
(105, 9, 2568, 0, 0, 1, 0, '>=', '45.0000', 'เปอร์เซ็นต์', '45.0000', '0.0000', 'Success', NULL, 'หัวหน้าคลินิกโรคไม่ติดต่อเรื้อรัง', 3, '', '', '', '2025-11-18 03:19:40'),
(106, 10, 2568, 0, 0, 1, 0, '>=', '65.0000', 'เปอร์เซ็นต์', '65.0000', '0.0000', 'Success', NULL, 'หัวหน้าคลินิกโรคไม่ติดต่อเรื้อรัง', 3, '', '', '', '2025-11-18 03:19:40'),
(107, 11, 2568, 0, 0, 1, 0, '<=', '10.0000', 'ครั้งต่อ 100 ผู้ป่วย', '10.0000', '0.0000', 'Success', NULL, 'หัวหน้าคลินิกโรคไม่ติดต่อเรื้อรัง', 3, '', '', '', '2025-11-18 03:19:40'),
(108, 12, 2568, 0, 0, 1, 0, '>=', '60.0000', 'เปอร์เซ็นต์', '60.0000', '0.0000', 'Success', NULL, 'หัวหน้าทีมทันตกรรม', 4, '', '', '', '2025-11-18 03:19:40'),
(109, 13, 2568, 0, 0, 1, 0, '>=', '80.0000', 'เปอร์เซ็นต์', '80.0000', '0.0000', 'Success', NULL, 'หัวหน้าทีมทันตกรรม', 4, '', '', '', '2025-11-18 03:19:40'),
(110, 14, 2568, 0, 0, 1, 0, '<=', '1.0000', 'ต่อ 1,000 วันนอน', '1.0000', '0.0000', 'Success', NULL, 'หัวหน้าพยาบาลผู้ป่วยใน', 5, '', '', '', '2025-11-18 03:19:40'),
(111, 15, 2568, 0, 0, 1, 0, '<=', '0.5000', 'ต่อ 1,000 วันนอน', '0.5000', '0.0000', 'Success', NULL, 'หัวหน้าพยาบาลผู้ป่วยใน', 5, '', '', '', '2025-11-18 03:19:40'),
(112, 16, 2568, 0, 0, 1, 0, '<=', '1.0000', 'ต่อ 1,000 doses', '1.0000', '0.0000', 'Success', NULL, 'คณะกรรมการยาและเภสัชกรรม', 16, '', '', '', '2025-11-18 03:19:40'),
(113, 17, 2568, 0, 0, 1, 0, '>=', '70.0000', 'เปอร์เซ็นต์', '70.0000', '0.0000', 'Success', NULL, 'หัวหน้าทีมจิตเวชและยาเสพติด', 7, '', '', '', '2025-11-18 03:19:40'),
(114, 18, 2568, 0, 0, 1, 0, '>=', '60.0000', 'เปอร์เซ็นต์', '60.0000', '0.0000', 'Success', NULL, 'หัวหน้าทีมจิตเวชและยาเสพติด', 7, '', '', '', '2025-11-18 03:19:40'),
(115, 19, 2568, 0, 0, 1, 0, '>=', '90.0000', 'เปอร์เซ็นต์', '90.0000', '0.0000', 'Success', NULL, 'หัวหน้าทีมโรคติดต่อทางเพศสัมพันธ์', 8, '', '', '', '2025-11-18 03:19:40'),
(116, 20, 2568, 0, 0, 1, 0, '>=', '60.0000', 'เปอร์เซ็นต์', '52.0000', '8.0000', 'Fail', NULL, 'หัวหน้าทีมโรคติดต่อทางเพศสัมพันธ์', NULL, '', '', '', '2025-11-19 02:05:01'),
(118, 22, 2568, 0, 0, 1, 0, '>=', '85.0000', 'เปอร์เซ็นต์', '85.0000', '0.0000', 'Success', NULL, 'หัวหน้าทีมผ่าตัดตา', 9, '', '', '', '2025-11-18 03:19:40'),
(119, 23, 2568, 0, 0, 1, 0, '<=', '57.0000', 'วัน', '56.0000', '1.0000', 'Success', NULL, 'หัวหน้าทีมคลินิกทางเดินปัสสาวะ', NULL, '', '', '', '2025-11-23 07:30:25'),
(120, 24, 2568, 0, 0, 1, 0, '<=', '20.0000', 'เปอร์เซ็นต์', '20.0000', '0.0000', 'Success', NULL, 'หัวหน้าทีมคลินิกทางเดินปัสสาวะ', 10, '', '', '', '2025-11-18 03:19:40'),
(121, 25, 2568, 0, 0, 1, 0, '>=', '80.0000', 'เปอร์เซ็นต์', '76.0000', '4.0000', 'Fail', NULL, 'หัวหน้าทีมคลินิกหัวใจ', NULL, '', '', '', '2025-11-19 02:06:26'),
(122, 26, 2568, 0, 0, 1, 0, '>=', '80.0000', 'เปอร์เซ็นต์', '80.0000', '0.0000', 'Success', NULL, 'หัวหน้าทีมคลินิกหัวใจ', 11, '', '', '', '2025-11-18 03:19:40'),
(123, 27, 2568, 0, 0, 1, 0, '>=', '80.0000', 'เปอร์เซ็นต์', '80.0000', '0.0000', 'Success', NULL, 'หัวหน้าทีมคลินิกไตเทียม', 12, '', '', '', '2025-11-18 03:19:40'),
(124, 28, 2568, 0, 0, 1, 0, '<=', '2.0000', 'ต่อ 1,000 catheter-days', '2.0000', '0.0000', 'Success', NULL, 'หัวหน้าทีมคลินิกไตเทียม', 12, '', '', '', '2025-11-18 03:19:40'),
(125, 29, 2568, 0, 0, 1, 0, '<=', '8.0000', 'ผู้ป่วยต่อพยาบาล', '8.0000', '0.0000', 'Success', NULL, 'หัวหน้ากลุ่มการพยาบาล', 5, '', '', '', '2025-11-18 03:19:40'),
(126, 30, 2568, 0, 0, 1, 0, '<=', '10.0000', 'เปอร์เซ็นต์', '10.0000', '0.0000', 'Success', NULL, 'หัวหน้าฝ่ายทรัพยากรบุคคล', 16, '', '', '', '2025-11-18 03:19:40'),
(127, 31, 2568, 0, 0, 1, 0, '>=', '95.0000', 'เปอร์เซ็นต์ของเป้าหมาย', '95.0000', '0.0000', 'Success', NULL, 'หัวหน้าทีมการเงินการคลัง', 18, '', '', '', '2025-11-18 03:19:40'),
(128, 32, 2568, 0, 0, 1, 0, '<=', '30.0000', 'เปอร์เซ็นต์', '30.0000', '0.0000', 'Success', NULL, 'หัวหน้าทีมการเงินการคลัง', 18, '', '', '', '2025-11-18 03:19:40'),
(129, 33, 2568, 0, 0, 1, 0, '>=', '95.0000', 'เปอร์เซ็นต์', '96.0000', '-1.0000', 'Success', NULL, 'หัวหน้างานสุขภาพดิจิทัล', NULL, '', '', '', '2025-11-23 07:09:16'),
(160, 1, 2568, 0, 0, 0, 1, '>=', '85.0000', 'เปอร์เซ็นต์', '85.0000', '0.0000', 'Success', NULL, 'ทีมบริหารและพัฒนาคุณภาพโรงพยาบาล', 1, '', '', '', '2025-11-18 03:19:40'),
(161, 2, 2568, 0, 0, 0, 1, '<=', '4.5000', 'วัน', '4.5000', '0.0000', 'Success', NULL, 'ทีมบริหารและพัฒนาคุณภาพโรงพยาบาล', 1, '', '', '', '2025-11-18 03:19:40'),
(162, 3, 2568, 0, 0, 0, 1, '<=', '8.0000', 'เปอร์เซ็นต์', '8.0000', '0.0000', 'Success', NULL, 'ทีมบริหารและพัฒนาคุณภาพโรงพยาบาล', 1, '', '', '', '2025-11-18 03:19:40'),
(163, 4, 2568, 0, 0, 0, 1, '<=', '10.0000', 'ต่อ 1,000 AN', '10.0000', '0.0000', 'Success', NULL, 'ทีมบริหารและพัฒนาคุณภาพโรงพยาบาล', 1, '', '', '', '2025-11-18 03:19:40'),
(164, 5, 2568, 0, 0, 0, 1, '>=', '85.0000', 'เปอร์เซ็นต์', '85.0000', '0.0000', 'Success', NULL, 'ทีมบริหารและพัฒนาคุณภาพโรงพยาบาล', 1, '', '', '', '2025-11-18 03:19:40'),
(165, 6, 2568, 0, 0, 0, 1, '<=', '120.0000', 'นาที', '118.0000', '2.0000', 'Success', NULL, 'หัวหน้าฝ่ายผู้ป่วยนอก', NULL, '', '', '', '2025-11-19 01:13:50'),
(166, 7, 2568, 0, 0, 0, 1, '>=', '80.0000', 'เปอร์เซ็นต์', '80.0000', '0.0000', 'Success', NULL, 'หัวหน้าฝ่ายผู้ป่วยนอก', 2, '', '', '', '2025-11-18 03:19:40'),
(167, 8, 2568, 0, 0, 0, 1, '<=', '5.0000', 'เปอร์เซ็นต์', '5.0000', '0.0000', 'Success', NULL, 'หัวหน้าฝ่ายผู้ป่วยนอก', 2, '', '', '', '2025-11-18 03:19:40'),
(168, 9, 2568, 0, 0, 0, 1, '>=', '45.0000', 'เปอร์เซ็นต์', '45.0000', '0.0000', 'Success', NULL, 'หัวหน้าคลินิกโรคไม่ติดต่อเรื้อรัง', 3, '', '', '', '2025-11-18 03:19:40'),
(169, 10, 2568, 0, 0, 0, 1, '>=', '65.0000', 'เปอร์เซ็นต์', '65.0000', '0.0000', 'Success', NULL, 'หัวหน้าคลินิกโรคไม่ติดต่อเรื้อรัง', 3, '', '', '', '2025-11-18 03:19:40'),
(170, 11, 2568, 0, 0, 0, 1, '<=', '10.0000', 'ครั้งต่อ 100 ผู้ป่วย', '10.0000', '0.0000', 'Success', NULL, 'หัวหน้าคลินิกโรคไม่ติดต่อเรื้อรัง', 3, '', '', '', '2025-11-18 03:19:40'),
(171, 12, 2568, 0, 0, 0, 1, '>=', '60.0000', 'เปอร์เซ็นต์', '60.0000', '0.0000', 'Success', NULL, 'หัวหน้าทีมทันตกรรม', 4, '', '', '', '2025-11-18 03:19:40'),
(172, 13, 2568, 0, 0, 0, 1, '>=', '80.0000', 'เปอร์เซ็นต์', '80.0000', '0.0000', 'Success', NULL, 'หัวหน้าทีมทันตกรรม', 4, '', '', '', '2025-11-18 03:19:40'),
(173, 14, 2568, 0, 0, 0, 1, '<=', '1.0000', 'ต่อ 1,000 วันนอน', '1.0000', '0.0000', 'Success', NULL, 'หัวหน้าพยาบาลผู้ป่วยใน', 5, '', '', '', '2025-11-18 03:19:40'),
(174, 15, 2568, 0, 0, 0, 1, '<=', '0.5000', 'ต่อ 1,000 วันนอน', '0.5000', '0.0000', 'Success', NULL, 'หัวหน้าพยาบาลผู้ป่วยใน', 5, '', '', '', '2025-11-18 03:19:40'),
(175, 16, 2568, 0, 0, 0, 1, '<=', '1.0000', 'ต่อ 1,000 doses', '1.0000', '0.0000', 'Success', NULL, 'คณะกรรมการยาและเภสัชกรรม', 16, '', '', '', '2025-11-18 03:19:40'),
(176, 17, 2568, 0, 0, 0, 1, '>=', '70.0000', 'เปอร์เซ็นต์', '70.0000', '0.0000', 'Success', NULL, 'หัวหน้าทีมจิตเวชและยาเสพติด', 7, '', '', '', '2025-11-18 03:19:40'),
(177, 18, 2568, 0, 0, 0, 1, '>=', '60.0000', 'เปอร์เซ็นต์', '60.0000', '0.0000', 'Success', NULL, 'หัวหน้าทีมจิตเวชและยาเสพติด', 7, '', '', '', '2025-11-18 03:19:40'),
(178, 19, 2568, 0, 0, 0, 1, '>=', '90.0000', 'เปอร์เซ็นต์', '90.0000', '0.0000', 'Success', NULL, 'หัวหน้าทีมโรคติดต่อทางเพศสัมพันธ์', 8, '', '', '', '2025-11-18 03:19:40'),
(179, 20, 2568, 0, 0, 0, 1, '>=', '60.0000', 'เปอร์เซ็นต์', '57.0000', '3.0000', 'Fail', NULL, 'หัวหน้าทีมโรคติดต่อทางเพศสัมพันธ์', NULL, '', '', '', '2025-11-19 02:05:33'),
(181, 22, 2568, 0, 0, 0, 1, '>=', '85.0000', 'เปอร์เซ็นต์', '85.0000', '0.0000', 'Success', NULL, 'หัวหน้าทีมผ่าตัดตา', 9, '', '', '', '2025-11-18 03:19:40'),
(182, 23, 2568, 0, 0, 0, 1, '<=', '57.0000', 'วัน', '55.0000', '2.0000', 'Success', NULL, 'หัวหน้าทีมคลินิกทางเดินปัสสาวะ', NULL, '', '', '', '2025-11-23 07:30:31'),
(183, 24, 2568, 0, 0, 0, 1, '<=', '20.0000', 'เปอร์เซ็นต์', '20.0000', '0.0000', 'Success', NULL, 'หัวหน้าทีมคลินิกทางเดินปัสสาวะ', 10, '', '', '', '2025-11-18 03:19:40'),
(184, 25, 2568, 0, 0, 0, 1, '>=', '80.0000', 'เปอร์เซ็นต์', '86.0000', '-6.0000', 'Success', NULL, 'หัวหน้าทีมคลินิกหัวใจ', NULL, '', '', '', '2025-11-19 02:06:40'),
(185, 26, 2568, 0, 0, 0, 1, '>=', '80.0000', 'เปอร์เซ็นต์', '80.0000', '0.0000', 'Success', NULL, 'หัวหน้าทีมคลินิกหัวใจ', 11, '', '', '', '2025-11-18 03:19:40'),
(186, 27, 2568, 0, 0, 0, 1, '>=', '80.0000', 'เปอร์เซ็นต์', '80.0000', '0.0000', 'Success', NULL, 'หัวหน้าทีมคลินิกไตเทียม', 12, '', '', '', '2025-11-18 03:19:40'),
(187, 28, 2568, 0, 0, 0, 1, '<=', '2.0000', 'ต่อ 1,000 catheter-days', '2.0000', '0.0000', 'Success', NULL, 'หัวหน้าทีมคลินิกไตเทียม', 12, '', '', '', '2025-11-18 03:19:40'),
(188, 29, 2568, 0, 0, 0, 1, '<=', '8.0000', 'ผู้ป่วยต่อพยาบาล', '8.0000', '0.0000', 'Success', NULL, 'หัวหน้ากลุ่มการพยาบาล', 5, '', '', '', '2025-11-18 03:19:40'),
(189, 30, 2568, 0, 0, 0, 1, '<=', '10.0000', 'เปอร์เซ็นต์', '10.0000', '0.0000', 'Success', NULL, 'หัวหน้าฝ่ายทรัพยากรบุคคล', 16, '', '', '', '2025-11-18 03:19:40'),
(190, 31, 2568, 0, 0, 0, 1, '>=', '95.0000', 'เปอร์เซ็นต์ของเป้าหมาย', '95.0000', '0.0000', 'Success', NULL, 'หัวหน้าทีมการเงินการคลัง', 18, '', '', '', '2025-11-18 03:19:40'),
(191, 32, 2568, 0, 0, 0, 1, '<=', '30.0000', 'เปอร์เซ็นต์', '30.0000', '0.0000', 'Success', NULL, 'หัวหน้าทีมการเงินการคลัง', 18, '', '', '', '2025-11-18 03:19:40'),
(192, 33, 2568, 0, 0, 0, 1, '>=', '95.0000', 'เปอร์เซ็นต์', '94.0000', '1.0000', 'Fail', NULL, 'หัวหน้างานสุขภาพดิจิทัล', NULL, '', '', '', '2025-11-23 07:09:23'),
(223, 1, 2567, 1, 0, 0, 0, '>=', '80.7500', 'เปอร์เซ็นต์', '79.0500', '1.7000', 'Success', NULL, 'ทีมบริหารและพัฒนาคุณภาพโรงพยาบาล', 1, '', '', ' (จำลองจากปี 2568)', '2025-11-18 05:47:44'),
(224, 2, 2567, 1, 0, 0, 0, '<=', '4.2750', 'วัน', '4.1850', '0.0900', 'Success', NULL, 'ทีมบริหารและพัฒนาคุณภาพโรงพยาบาล', 1, '', '', ' (จำลองจากปี 2568)', '2025-11-18 05:47:44'),
(225, 3, 2567, 1, 0, 0, 0, '<=', '7.6000', 'เปอร์เซ็นต์', '7.4400', '0.1600', 'Success', NULL, 'ทีมบริหารและพัฒนาคุณภาพโรงพยาบาล', 1, '', '', ' (จำลองจากปี 2568)', '2025-11-18 05:47:44'),
(226, 4, 2567, 1, 0, 0, 0, '<=', '9.5000', 'ต่อ 1,000 AN', '9.3000', '0.2000', 'Success', NULL, 'ทีมบริหารและพัฒนาคุณภาพโรงพยาบาล', 1, '', '', ' (จำลองจากปี 2568)', '2025-11-18 05:47:44'),
(227, 5, 2567, 1, 0, 0, 0, '>=', '80.7500', 'เปอร์เซ็นต์', '79.0500', '1.7000', 'Success', NULL, 'ทีมบริหารและพัฒนาคุณภาพโรงพยาบาล', 1, '', '', ' (จำลองจากปี 2568)', '2025-11-18 05:47:44'),
(228, 6, 2567, 1, 0, 0, 0, '<=', '120.0000', 'นาที', '115.0000', '5.0000', 'Success', NULL, 'หัวหน้าฝ่ายผู้ป่วยนอก', NULL, '', '', '(จำลองจากปี 2568)', '2025-11-23 08:05:08'),
(229, 7, 2567, 1, 0, 0, 0, '>=', '76.0000', 'เปอร์เซ็นต์', '74.4000', '1.6000', 'Success', NULL, 'หัวหน้าฝ่ายผู้ป่วยนอก', 2, '', '', ' (จำลองจากปี 2568)', '2025-11-18 05:47:44'),
(230, 8, 2567, 1, 0, 0, 0, '<=', '4.7500', 'เปอร์เซ็นต์', '4.6500', '0.1000', 'Success', NULL, 'หัวหน้าฝ่ายผู้ป่วยนอก', 2, '', '', ' (จำลองจากปี 2568)', '2025-11-18 05:47:44'),
(231, 9, 2567, 1, 0, 0, 0, '>=', '42.7500', 'เปอร์เซ็นต์', '41.8500', '0.9000', 'Success', NULL, 'หัวหน้าคลินิกโรคไม่ติดต่อเรื้อรัง', 3, '', '', ' (จำลองจากปี 2568)', '2025-11-18 05:47:44'),
(232, 10, 2567, 1, 0, 0, 0, '>=', '65.0000', 'เปอร์เซ็นต์', '68.0000', '-3.0000', 'Success', NULL, 'หัวหน้าคลินิกโรคไม่ติดต่อเรื้อรัง', NULL, '', '', '(จำลองจากปี 2568)', '2025-11-24 01:12:44'),
(233, 11, 2567, 1, 0, 0, 0, '<=', '9.5000', 'ครั้งต่อ 100 ผู้ป่วย', '9.3000', '0.2000', 'Success', NULL, 'หัวหน้าคลินิกโรคไม่ติดต่อเรื้อรัง', 3, '', '', ' (จำลองจากปี 2568)', '2025-11-18 05:47:44'),
(234, 12, 2567, 1, 0, 0, 0, '>=', '57.0000', 'เปอร์เซ็นต์', '55.8000', '1.2000', 'Success', NULL, 'หัวหน้าทีมทันตกรรม', 4, '', '', ' (จำลองจากปี 2568)', '2025-11-18 05:47:44'),
(235, 13, 2567, 1, 0, 0, 0, '>=', '76.0000', 'เปอร์เซ็นต์', '74.4000', '1.6000', 'Success', NULL, 'หัวหน้าทีมทันตกรรม', 4, '', '', ' (จำลองจากปี 2568)', '2025-11-18 05:47:44'),
(236, 14, 2567, 1, 0, 0, 0, '<=', '0.9500', 'ต่อ 1,000 วันนอน', '0.9300', '0.0200', 'Success', NULL, 'หัวหน้าพยาบาลผู้ป่วยใน', 5, '', '', ' (จำลองจากปี 2568)', '2025-11-18 05:47:44'),
(237, 15, 2567, 1, 0, 0, 0, '<=', '0.4750', 'ต่อ 1,000 วันนอน', '0.4650', '0.0100', 'Success', NULL, 'หัวหน้าพยาบาลผู้ป่วยใน', 5, '', '', ' (จำลองจากปี 2568)', '2025-11-18 05:47:44'),
(238, 16, 2567, 1, 0, 0, 0, '<=', '0.9500', 'ต่อ 1,000 doses', '0.9300', '0.0200', 'Success', NULL, 'คณะกรรมการยาและเภสัชกรรม', 16, '', '', ' (จำลองจากปี 2568)', '2025-11-18 05:47:44'),
(239, 17, 2567, 1, 0, 0, 0, '>=', '66.5000', 'เปอร์เซ็นต์', '65.1000', '1.4000', 'Success', NULL, 'หัวหน้าทีมจิตเวชและยาเสพติด', 7, '', '', ' (จำลองจากปี 2568)', '2025-11-18 05:47:44'),
(240, 18, 2567, 1, 0, 0, 0, '>=', '57.0000', 'เปอร์เซ็นต์', '55.8000', '1.2000', 'Success', NULL, 'หัวหน้าทีมจิตเวชและยาเสพติด', 7, '', '', ' (จำลองจากปี 2568)', '2025-11-18 05:47:44'),
(241, 19, 2567, 1, 0, 0, 0, '>=', '85.5000', 'เปอร์เซ็นต์', '83.7000', '1.8000', 'Success', NULL, 'หัวหน้าทีมโรคติดต่อทางเพศสัมพันธ์', 8, '', '', ' (จำลองจากปี 2568)', '2025-11-18 05:47:44'),
(242, 20, 2567, 1, 0, 0, 0, '>=', '57.0000', 'เปอร์เซ็นต์', '55.8000', '1.2000', 'Success', NULL, 'หัวหน้าทีมโรคติดต่อทางเพศสัมพันธ์', 8, '', '', ' (จำลองจากปี 2568)', '2025-11-18 05:47:44'),
(244, 22, 2567, 1, 0, 0, 0, '>=', '80.7500', 'เปอร์เซ็นต์', '79.0500', '1.7000', 'Success', NULL, 'หัวหน้าทีมผ่าตัดตา', 9, '', '', ' (จำลองจากปี 2568)', '2025-11-18 05:47:44'),
(245, 23, 2567, 1, 0, 0, 0, '<=', '57.0000', 'วัน', '66.0000', '-9.0000', 'Fail', NULL, 'หัวหน้าทีมคลินิกทางเดินปัสสาวะ', NULL, '', '', '(จำลองจากปี 2568)', '2025-11-24 01:34:38'),
(246, 24, 2567, 1, 0, 0, 0, '<=', '19.0000', 'เปอร์เซ็นต์', '18.6000', '0.4000', 'Success', NULL, 'หัวหน้าทีมคลินิกทางเดินปัสสาวะ', 10, '', '', ' (จำลองจากปี 2568)', '2025-11-18 05:47:44'),
(247, 25, 2567, 1, 0, 0, 0, '>=', '76.0000', 'เปอร์เซ็นต์', '74.4000', '1.6000', 'Success', NULL, 'หัวหน้าทีมคลินิกหัวใจ', 11, '', '', ' (จำลองจากปี 2568)', '2025-11-18 05:47:44'),
(248, 26, 2567, 1, 0, 0, 0, '>=', '76.0000', 'เปอร์เซ็นต์', '74.4000', '1.6000', 'Success', NULL, 'หัวหน้าทีมคลินิกหัวใจ', 11, '', '', ' (จำลองจากปี 2568)', '2025-11-18 05:47:44'),
(249, 27, 2567, 1, 0, 0, 0, '>=', '76.0000', 'เปอร์เซ็นต์', '74.4000', '1.6000', 'Success', NULL, 'หัวหน้าทีมคลินิกไตเทียม', 12, '', '', ' (จำลองจากปี 2568)', '2025-11-18 05:47:44'),
(250, 28, 2567, 1, 0, 0, 0, '<=', '1.9000', 'ต่อ 1,000 catheter-days', '1.8600', '0.0400', 'Success', NULL, 'หัวหน้าทีมคลินิกไตเทียม', 12, '', '', ' (จำลองจากปี 2568)', '2025-11-18 05:47:44'),
(251, 29, 2567, 1, 0, 0, 0, '<=', '7.6000', 'ผู้ป่วยต่อพยาบาล', '7.4400', '0.1600', 'Success', NULL, 'หัวหน้ากลุ่มการพยาบาล', 5, '', '', ' (จำลองจากปี 2568)', '2025-11-18 05:47:44'),
(252, 30, 2567, 1, 0, 0, 0, '<=', '9.5000', 'เปอร์เซ็นต์', '9.3000', '0.2000', 'Success', NULL, 'หัวหน้าฝ่ายทรัพยากรบุคคล', 16, '', '', ' (จำลองจากปี 2568)', '2025-11-18 05:47:44'),
(253, 31, 2567, 1, 0, 0, 0, '>=', '90.2500', 'เปอร์เซ็นต์ของเป้าหมาย', '88.3500', '1.9000', 'Success', NULL, 'หัวหน้าทีมการเงินการคลัง', 18, '', '', ' (จำลองจากปี 2568)', '2025-11-18 05:47:44'),
(254, 32, 2567, 1, 0, 0, 0, '<=', '28.5000', 'เปอร์เซ็นต์', '27.9000', '0.6000', 'Success', NULL, 'หัวหน้าทีมการเงินการคลัง', 18, '', '', ' (จำลองจากปี 2568)', '2025-11-18 05:47:44'),
(255, 33, 2567, 1, 0, 0, 0, '>=', '95.0000', 'เปอร์เซ็นต์', '90.0000', '5.0000', 'Fail', NULL, 'หัวหน้างานสุขภาพดิจิทัล', NULL, '', '', '(จำลองจากปี 2568)', '2025-11-23 07:07:44'),
(256, 1, 2567, 0, 1, 0, 0, '>=', '80.7500', 'เปอร์เซ็นต์', '79.0500', '1.7000', 'Success', NULL, 'ทีมบริหารและพัฒนาคุณภาพโรงพยาบาล', 1, '', '', ' (จำลองจากปี 2568)', '2025-11-18 05:47:44'),
(257, 2, 2567, 0, 1, 0, 0, '<=', '4.2750', 'วัน', '4.1850', '0.0900', 'Success', NULL, 'ทีมบริหารและพัฒนาคุณภาพโรงพยาบาล', 1, '', '', ' (จำลองจากปี 2568)', '2025-11-18 05:47:44'),
(258, 3, 2567, 0, 1, 0, 0, '<=', '7.6000', 'เปอร์เซ็นต์', '7.4400', '0.1600', 'Success', NULL, 'ทีมบริหารและพัฒนาคุณภาพโรงพยาบาล', 1, '', '', ' (จำลองจากปี 2568)', '2025-11-18 05:47:44'),
(259, 4, 2567, 0, 1, 0, 0, '<=', '9.5000', 'ต่อ 1,000 AN', '9.3000', '0.2000', 'Success', NULL, 'ทีมบริหารและพัฒนาคุณภาพโรงพยาบาล', 1, '', '', ' (จำลองจากปี 2568)', '2025-11-18 05:47:44'),
(260, 5, 2567, 0, 1, 0, 0, '>=', '80.7500', 'เปอร์เซ็นต์', '79.0500', '1.7000', 'Success', NULL, 'ทีมบริหารและพัฒนาคุณภาพโรงพยาบาล', 1, '', '', ' (จำลองจากปี 2568)', '2025-11-18 05:47:44'),
(261, 6, 2567, 0, 1, 0, 0, '<=', '120.0000', 'นาที', '122.0000', '-2.0000', 'Fail', NULL, 'หัวหน้าฝ่ายผู้ป่วยนอก', NULL, '', '', '(จำลองจากปี 2568)', '2025-11-23 08:05:16'),
(262, 7, 2567, 0, 1, 0, 0, '>=', '76.0000', 'เปอร์เซ็นต์', '74.4000', '1.6000', 'Success', NULL, 'หัวหน้าฝ่ายผู้ป่วยนอก', 2, '', '', ' (จำลองจากปี 2568)', '2025-11-18 05:47:44'),
(263, 8, 2567, 0, 1, 0, 0, '<=', '4.7500', 'เปอร์เซ็นต์', '4.6500', '0.1000', 'Success', NULL, 'หัวหน้าฝ่ายผู้ป่วยนอก', 2, '', '', ' (จำลองจากปี 2568)', '2025-11-18 05:47:44'),
(264, 9, 2567, 0, 1, 0, 0, '>=', '42.7500', 'เปอร์เซ็นต์', '41.8500', '0.9000', 'Success', NULL, 'หัวหน้าคลินิกโรคไม่ติดต่อเรื้อรัง', 3, '', '', ' (จำลองจากปี 2568)', '2025-11-18 05:47:44'),
(265, 10, 2567, 0, 1, 0, 0, '>=', '65.0000', 'เปอร์เซ็นต์', '60.4500', '4.5500', 'Fail', NULL, 'หัวหน้าคลินิกโรคไม่ติดต่อเรื้อรัง', NULL, '', '', '(จำลองจากปี 2568)', '2025-11-24 01:12:09'),
(266, 11, 2567, 0, 1, 0, 0, '<=', '9.5000', 'ครั้งต่อ 100 ผู้ป่วย', '9.3000', '0.2000', 'Success', NULL, 'หัวหน้าคลินิกโรคไม่ติดต่อเรื้อรัง', 3, '', '', ' (จำลองจากปี 2568)', '2025-11-18 05:47:44'),
(267, 12, 2567, 0, 1, 0, 0, '>=', '57.0000', 'เปอร์เซ็นต์', '55.8000', '1.2000', 'Success', NULL, 'หัวหน้าทีมทันตกรรม', 4, '', '', ' (จำลองจากปี 2568)', '2025-11-18 05:47:44'),
(268, 13, 2567, 0, 1, 0, 0, '>=', '76.0000', 'เปอร์เซ็นต์', '74.4000', '1.6000', 'Success', NULL, 'หัวหน้าทีมทันตกรรม', 4, '', '', ' (จำลองจากปี 2568)', '2025-11-18 05:47:44'),
(269, 14, 2567, 0, 1, 0, 0, '<=', '0.9500', 'ต่อ 1,000 วันนอน', '0.9300', '0.0200', 'Success', NULL, 'หัวหน้าพยาบาลผู้ป่วยใน', 5, '', '', ' (จำลองจากปี 2568)', '2025-11-18 05:47:44'),
(270, 15, 2567, 0, 1, 0, 0, '<=', '0.4750', 'ต่อ 1,000 วันนอน', '0.4650', '0.0100', 'Success', NULL, 'หัวหน้าพยาบาลผู้ป่วยใน', 5, '', '', ' (จำลองจากปี 2568)', '2025-11-18 05:47:44'),
(271, 16, 2567, 0, 1, 0, 0, '<=', '0.9500', 'ต่อ 1,000 doses', '0.9300', '0.0200', 'Success', NULL, 'คณะกรรมการยาและเภสัชกรรม', 16, '', '', ' (จำลองจากปี 2568)', '2025-11-18 05:47:44'),
(272, 17, 2567, 0, 1, 0, 0, '>=', '66.5000', 'เปอร์เซ็นต์', '65.1000', '1.4000', 'Success', NULL, 'หัวหน้าทีมจิตเวชและยาเสพติด', 7, '', '', ' (จำลองจากปี 2568)', '2025-11-18 05:47:44'),
(273, 18, 2567, 0, 1, 0, 0, '>=', '57.0000', 'เปอร์เซ็นต์', '55.8000', '1.2000', 'Success', NULL, 'หัวหน้าทีมจิตเวชและยาเสพติด', 7, '', '', ' (จำลองจากปี 2568)', '2025-11-18 05:47:44'),
(274, 19, 2567, 0, 1, 0, 0, '>=', '85.5000', 'เปอร์เซ็นต์', '83.7000', '1.8000', 'Success', NULL, 'หัวหน้าทีมโรคติดต่อทางเพศสัมพันธ์', 8, '', '', ' (จำลองจากปี 2568)', '2025-11-18 05:47:44'),
(275, 20, 2567, 0, 1, 0, 0, '>=', '57.0000', 'เปอร์เซ็นต์', '55.8000', '1.2000', 'Success', NULL, 'หัวหน้าทีมโรคติดต่อทางเพศสัมพันธ์', 8, '', '', ' (จำลองจากปี 2568)', '2025-11-18 05:47:44'),
(277, 22, 2567, 0, 1, 0, 0, '>=', '80.7500', 'เปอร์เซ็นต์', '79.0500', '1.7000', 'Success', NULL, 'หัวหน้าทีมผ่าตัดตา', 9, '', '', ' (จำลองจากปี 2568)', '2025-11-18 05:47:44'),
(278, 23, 2567, 0, 1, 0, 0, '<=', '57.0000', 'วัน', '39.0000', '18.0000', 'Success', NULL, 'หัวหน้าทีมคลินิกทางเดินปัสสาวะ', NULL, '', '', '(จำลองจากปี 2568)', '2025-11-24 01:34:47'),
(279, 24, 2567, 0, 1, 0, 0, '<=', '19.0000', 'เปอร์เซ็นต์', '18.6000', '0.4000', 'Success', NULL, 'หัวหน้าทีมคลินิกทางเดินปัสสาวะ', 10, '', '', ' (จำลองจากปี 2568)', '2025-11-18 05:47:44'),
(280, 25, 2567, 0, 1, 0, 0, '>=', '76.0000', 'เปอร์เซ็นต์', '74.4000', '1.6000', 'Success', NULL, 'หัวหน้าทีมคลินิกหัวใจ', 11, '', '', ' (จำลองจากปี 2568)', '2025-11-18 05:47:44'),
(281, 26, 2567, 0, 1, 0, 0, '>=', '76.0000', 'เปอร์เซ็นต์', '74.4000', '1.6000', 'Success', NULL, 'หัวหน้าทีมคลินิกหัวใจ', 11, '', '', ' (จำลองจากปี 2568)', '2025-11-18 05:47:44'),
(282, 27, 2567, 0, 1, 0, 0, '>=', '76.0000', 'เปอร์เซ็นต์', '74.4000', '1.6000', 'Success', NULL, 'หัวหน้าทีมคลินิกไตเทียม', 12, '', '', ' (จำลองจากปี 2568)', '2025-11-18 05:47:44'),
(283, 28, 2567, 0, 1, 0, 0, '<=', '1.9000', 'ต่อ 1,000 catheter-days', '1.8600', '0.0400', 'Success', NULL, 'หัวหน้าทีมคลินิกไตเทียม', 12, '', '', ' (จำลองจากปี 2568)', '2025-11-18 05:47:44'),
(284, 29, 2567, 0, 1, 0, 0, '<=', '7.6000', 'ผู้ป่วยต่อพยาบาล', '7.4400', '0.1600', 'Success', NULL, 'หัวหน้ากลุ่มการพยาบาล', 5, '', '', ' (จำลองจากปี 2568)', '2025-11-18 05:47:44'),
(285, 30, 2567, 0, 1, 0, 0, '<=', '9.5000', 'เปอร์เซ็นต์', '9.3000', '0.2000', 'Success', NULL, 'หัวหน้าฝ่ายทรัพยากรบุคคล', 16, '', '', ' (จำลองจากปี 2568)', '2025-11-18 05:47:44'),
(286, 31, 2567, 0, 1, 0, 0, '>=', '90.2500', 'เปอร์เซ็นต์ของเป้าหมาย', '88.3500', '1.9000', 'Success', NULL, 'หัวหน้าทีมการเงินการคลัง', 18, '', '', ' (จำลองจากปี 2568)', '2025-11-18 05:47:44'),
(287, 32, 2567, 0, 1, 0, 0, '<=', '28.5000', 'เปอร์เซ็นต์', '27.9000', '0.6000', 'Success', NULL, 'หัวหน้าทีมการเงินการคลัง', 18, '', '', ' (จำลองจากปี 2568)', '2025-11-18 05:47:44'),
(288, 33, 2567, 0, 1, 0, 0, '>=', '95.0000', 'เปอร์เซ็นต์', '94.0000', '1.0000', 'Fail', NULL, 'หัวหน้างานสุขภาพดิจิทัล', NULL, '', '', '(จำลองจากปี 2568)', '2025-11-23 07:07:52'),
(289, 1, 2567, 0, 0, 1, 0, '>=', '80.7500', 'เปอร์เซ็นต์', '79.0500', '1.7000', 'Success', NULL, 'ทีมบริหารและพัฒนาคุณภาพโรงพยาบาล', 1, '', '', ' (จำลองจากปี 2568)', '2025-11-18 05:47:44'),
(290, 2, 2567, 0, 0, 1, 0, '<=', '4.2750', 'วัน', '4.1850', '0.0900', 'Success', NULL, 'ทีมบริหารและพัฒนาคุณภาพโรงพยาบาล', 1, '', '', ' (จำลองจากปี 2568)', '2025-11-18 05:47:44'),
(291, 3, 2567, 0, 0, 1, 0, '<=', '7.6000', 'เปอร์เซ็นต์', '7.4400', '0.1600', 'Success', NULL, 'ทีมบริหารและพัฒนาคุณภาพโรงพยาบาล', 1, '', '', ' (จำลองจากปี 2568)', '2025-11-18 05:47:44'),
(292, 4, 2567, 0, 0, 1, 0, '<=', '9.5000', 'ต่อ 1,000 AN', '9.3000', '0.2000', 'Success', NULL, 'ทีมบริหารและพัฒนาคุณภาพโรงพยาบาล', 1, '', '', ' (จำลองจากปี 2568)', '2025-11-18 05:47:44'),
(293, 5, 2567, 0, 0, 1, 0, '>=', '80.7500', 'เปอร์เซ็นต์', '79.0500', '1.7000', 'Success', NULL, 'ทีมบริหารและพัฒนาคุณภาพโรงพยาบาล', 1, '', '', ' (จำลองจากปี 2568)', '2025-11-18 05:47:44'),
(294, 6, 2567, 0, 0, 1, 0, '<=', '120.0000', 'นาที', '110.0000', '10.0000', 'Success', NULL, 'หัวหน้าฝ่ายผู้ป่วยนอก', NULL, '', '', '(จำลองจากปี 2568)', '2025-11-23 08:05:24'),
(295, 7, 2567, 0, 0, 1, 0, '>=', '76.0000', 'เปอร์เซ็นต์', '74.4000', '1.6000', 'Success', NULL, 'หัวหน้าฝ่ายผู้ป่วยนอก', 2, '', '', ' (จำลองจากปี 2568)', '2025-11-18 05:47:44'),
(296, 8, 2567, 0, 0, 1, 0, '<=', '4.7500', 'เปอร์เซ็นต์', '4.6500', '0.1000', 'Success', NULL, 'หัวหน้าฝ่ายผู้ป่วยนอก', 2, '', '', ' (จำลองจากปี 2568)', '2025-11-18 05:47:44'),
(297, 9, 2567, 0, 0, 1, 0, '>=', '42.7500', 'เปอร์เซ็นต์', '41.8500', '0.9000', 'Success', NULL, 'หัวหน้าคลินิกโรคไม่ติดต่อเรื้อรัง', 3, '', '', ' (จำลองจากปี 2568)', '2025-11-18 05:47:44'),
(298, 10, 2567, 0, 0, 1, 0, '>=', '65.0000', 'เปอร์เซ็นต์', '60.4500', '4.5500', 'Fail', NULL, 'หัวหน้าคลินิกโรคไม่ติดต่อเรื้อรัง', NULL, '', '', '(จำลองจากปี 2568)', '2025-11-24 01:12:15'),
(299, 11, 2567, 0, 0, 1, 0, '<=', '9.5000', 'ครั้งต่อ 100 ผู้ป่วย', '9.3000', '0.2000', 'Success', NULL, 'หัวหน้าคลินิกโรคไม่ติดต่อเรื้อรัง', 3, '', '', ' (จำลองจากปี 2568)', '2025-11-18 05:47:44'),
(300, 12, 2567, 0, 0, 1, 0, '>=', '57.0000', 'เปอร์เซ็นต์', '55.8000', '1.2000', 'Success', NULL, 'หัวหน้าทีมทันตกรรม', 4, '', '', ' (จำลองจากปี 2568)', '2025-11-18 05:47:44'),
(301, 13, 2567, 0, 0, 1, 0, '>=', '76.0000', 'เปอร์เซ็นต์', '74.4000', '1.6000', 'Success', NULL, 'หัวหน้าทีมทันตกรรม', 4, '', '', ' (จำลองจากปี 2568)', '2025-11-18 05:47:44'),
(302, 14, 2567, 0, 0, 1, 0, '<=', '0.9500', 'ต่อ 1,000 วันนอน', '0.9300', '0.0200', 'Success', NULL, 'หัวหน้าพยาบาลผู้ป่วยใน', 5, '', '', ' (จำลองจากปี 2568)', '2025-11-18 05:47:44'),
(303, 15, 2567, 0, 0, 1, 0, '<=', '0.4750', 'ต่อ 1,000 วันนอน', '0.4650', '0.0100', 'Success', NULL, 'หัวหน้าพยาบาลผู้ป่วยใน', 5, '', '', ' (จำลองจากปี 2568)', '2025-11-18 05:47:44'),
(304, 16, 2567, 0, 0, 1, 0, '<=', '0.9500', 'ต่อ 1,000 doses', '0.9300', '0.0200', 'Success', NULL, 'คณะกรรมการยาและเภสัชกรรม', 16, '', '', ' (จำลองจากปี 2568)', '2025-11-18 05:47:44'),
(305, 17, 2567, 0, 0, 1, 0, '>=', '66.5000', 'เปอร์เซ็นต์', '65.1000', '1.4000', 'Success', NULL, 'หัวหน้าทีมจิตเวชและยาเสพติด', 7, '', '', ' (จำลองจากปี 2568)', '2025-11-18 05:47:44'),
(306, 18, 2567, 0, 0, 1, 0, '>=', '57.0000', 'เปอร์เซ็นต์', '55.8000', '1.2000', 'Success', NULL, 'หัวหน้าทีมจิตเวชและยาเสพติด', 7, '', '', ' (จำลองจากปี 2568)', '2025-11-18 05:47:44'),
(307, 19, 2567, 0, 0, 1, 0, '>=', '85.5000', 'เปอร์เซ็นต์', '83.7000', '1.8000', 'Success', NULL, 'หัวหน้าทีมโรคติดต่อทางเพศสัมพันธ์', 8, '', '', ' (จำลองจากปี 2568)', '2025-11-18 05:47:44'),
(308, 20, 2567, 0, 0, 1, 0, '>=', '57.0000', 'เปอร์เซ็นต์', '55.8000', '1.2000', 'Success', NULL, 'หัวหน้าทีมโรคติดต่อทางเพศสัมพันธ์', 8, '', '', ' (จำลองจากปี 2568)', '2025-11-18 05:47:44'),
(310, 22, 2567, 0, 0, 1, 0, '>=', '80.7500', 'เปอร์เซ็นต์', '79.0500', '1.7000', 'Success', NULL, 'หัวหน้าทีมผ่าตัดตา', 9, '', '', ' (จำลองจากปี 2568)', '2025-11-18 05:47:44'),
(311, 23, 2567, 0, 0, 1, 0, '<=', '57.0000', 'วัน', '52.0000', '5.0000', 'Success', NULL, 'หัวหน้าทีมคลินิกทางเดินปัสสาวะ', NULL, '', '', '(จำลองจากปี 2568)', '2025-11-24 01:34:56'),
(312, 24, 2567, 0, 0, 1, 0, '<=', '19.0000', 'เปอร์เซ็นต์', '18.6000', '0.4000', 'Success', NULL, 'หัวหน้าทีมคลินิกทางเดินปัสสาวะ', 10, '', '', ' (จำลองจากปี 2568)', '2025-11-18 05:47:44'),
(313, 25, 2567, 0, 0, 1, 0, '>=', '76.0000', 'เปอร์เซ็นต์', '74.4000', '1.6000', 'Success', NULL, 'หัวหน้าทีมคลินิกหัวใจ', 11, '', '', ' (จำลองจากปี 2568)', '2025-11-18 05:47:44'),
(314, 26, 2567, 0, 0, 1, 0, '>=', '76.0000', 'เปอร์เซ็นต์', '74.4000', '1.6000', 'Success', NULL, 'หัวหน้าทีมคลินิกหัวใจ', 11, '', '', ' (จำลองจากปี 2568)', '2025-11-18 05:47:44'),
(315, 27, 2567, 0, 0, 1, 0, '>=', '76.0000', 'เปอร์เซ็นต์', '74.4000', '1.6000', 'Success', NULL, 'หัวหน้าทีมคลินิกไตเทียม', 12, '', '', ' (จำลองจากปี 2568)', '2025-11-18 05:47:44'),
(316, 28, 2567, 0, 0, 1, 0, '<=', '1.9000', 'ต่อ 1,000 catheter-days', '1.8600', '0.0400', 'Success', NULL, 'หัวหน้าทีมคลินิกไตเทียม', 12, '', '', ' (จำลองจากปี 2568)', '2025-11-18 05:47:44'),
(317, 29, 2567, 0, 0, 1, 0, '<=', '7.6000', 'ผู้ป่วยต่อพยาบาล', '7.4400', '0.1600', 'Success', NULL, 'หัวหน้ากลุ่มการพยาบาล', 5, '', '', ' (จำลองจากปี 2568)', '2025-11-18 05:47:44'),
(318, 30, 2567, 0, 0, 1, 0, '<=', '9.5000', 'เปอร์เซ็นต์', '9.3000', '0.2000', 'Success', NULL, 'หัวหน้าฝ่ายทรัพยากรบุคคล', 16, '', '', ' (จำลองจากปี 2568)', '2025-11-18 05:47:44'),
(319, 31, 2567, 0, 0, 1, 0, '>=', '90.2500', 'เปอร์เซ็นต์ของเป้าหมาย', '88.3500', '1.9000', 'Success', NULL, 'หัวหน้าทีมการเงินการคลัง', 18, '', '', ' (จำลองจากปี 2568)', '2025-11-18 05:47:44'),
(320, 32, 2567, 0, 0, 1, 0, '<=', '28.5000', 'เปอร์เซ็นต์', '27.9000', '0.6000', 'Success', NULL, 'หัวหน้าทีมการเงินการคลัง', 18, '', '', ' (จำลองจากปี 2568)', '2025-11-18 05:47:44'),
(321, 33, 2567, 0, 0, 1, 0, '>=', '95.0000', 'เปอร์เซ็นต์', '97.0000', '-2.0000', 'Success', NULL, 'หัวหน้างานสุขภาพดิจิทัล', NULL, '', '', '(จำลองจากปี 2568)', '2025-11-23 07:08:03'),
(322, 1, 2567, 0, 0, 0, 1, '>=', '80.7500', 'เปอร์เซ็นต์', '79.0500', '1.7000', 'Success', NULL, 'ทีมบริหารและพัฒนาคุณภาพโรงพยาบาล', 1, '', '', ' (จำลองจากปี 2568)', '2025-11-18 05:47:44'),
(323, 2, 2567, 0, 0, 0, 1, '<=', '4.2750', 'วัน', '4.1850', '0.0900', 'Success', NULL, 'ทีมบริหารและพัฒนาคุณภาพโรงพยาบาล', 1, '', '', ' (จำลองจากปี 2568)', '2025-11-18 05:47:44'),
(324, 3, 2567, 0, 0, 0, 1, '<=', '7.6000', 'เปอร์เซ็นต์', '7.4400', '0.1600', 'Success', NULL, 'ทีมบริหารและพัฒนาคุณภาพโรงพยาบาล', 1, '', '', ' (จำลองจากปี 2568)', '2025-11-18 05:47:44'),
(325, 4, 2567, 0, 0, 0, 1, '<=', '9.5000', 'ต่อ 1,000 AN', '9.3000', '0.2000', 'Success', NULL, 'ทีมบริหารและพัฒนาคุณภาพโรงพยาบาล', 1, '', '', ' (จำลองจากปี 2568)', '2025-11-18 05:47:44'),
(326, 5, 2567, 0, 0, 0, 1, '>=', '80.7500', 'เปอร์เซ็นต์', '79.0500', '1.7000', 'Success', NULL, 'ทีมบริหารและพัฒนาคุณภาพโรงพยาบาล', 1, '', '', ' (จำลองจากปี 2568)', '2025-11-18 05:47:44'),
(327, 6, 2567, 0, 0, 0, 1, '<=', '120.0000', 'นาที', '120.0000', '0.0000', 'Success', NULL, 'หัวหน้าฝ่ายผู้ป่วยนอก', NULL, '', '', '(จำลองจากปี 2568)', '2025-11-23 08:05:29'),
(328, 7, 2567, 0, 0, 0, 1, '>=', '76.0000', 'เปอร์เซ็นต์', '74.4000', '1.6000', 'Success', NULL, 'หัวหน้าฝ่ายผู้ป่วยนอก', 2, '', '', ' (จำลองจากปี 2568)', '2025-11-18 05:47:44'),
(329, 8, 2567, 0, 0, 0, 1, '<=', '4.7500', 'เปอร์เซ็นต์', '4.6500', '0.1000', 'Success', NULL, 'หัวหน้าฝ่ายผู้ป่วยนอก', 2, '', '', ' (จำลองจากปี 2568)', '2025-11-18 05:47:44'),
(330, 9, 2567, 0, 0, 0, 1, '>=', '42.7500', 'เปอร์เซ็นต์', '41.8500', '0.9000', 'Success', NULL, 'หัวหน้าคลินิกโรคไม่ติดต่อเรื้อรัง', 3, '', '', ' (จำลองจากปี 2568)', '2025-11-18 05:47:44'),
(331, 10, 2567, 0, 0, 0, 1, '>=', '65.0000', 'เปอร์เซ็นต์', '66.0000', '-1.0000', 'Success', NULL, 'หัวหน้าคลินิกโรคไม่ติดต่อเรื้อรัง', NULL, '', '', '(จำลองจากปี 2568)', '2025-11-24 01:12:24'),
(332, 11, 2567, 0, 0, 0, 1, '<=', '9.5000', 'ครั้งต่อ 100 ผู้ป่วย', '9.3000', '0.2000', 'Success', NULL, 'หัวหน้าคลินิกโรคไม่ติดต่อเรื้อรัง', 3, '', '', ' (จำลองจากปี 2568)', '2025-11-18 05:47:44'),
(333, 12, 2567, 0, 0, 0, 1, '>=', '57.0000', 'เปอร์เซ็นต์', '55.8000', '1.2000', 'Success', NULL, 'หัวหน้าทีมทันตกรรม', 4, '', '', ' (จำลองจากปี 2568)', '2025-11-18 05:47:44'),
(334, 13, 2567, 0, 0, 0, 1, '>=', '76.0000', 'เปอร์เซ็นต์', '74.4000', '1.6000', 'Success', NULL, 'หัวหน้าทีมทันตกรรม', 4, '', '', ' (จำลองจากปี 2568)', '2025-11-18 05:47:44'),
(335, 14, 2567, 0, 0, 0, 1, '<=', '0.9500', 'ต่อ 1,000 วันนอน', '0.9300', '0.0200', 'Success', NULL, 'หัวหน้าพยาบาลผู้ป่วยใน', 5, '', '', ' (จำลองจากปี 2568)', '2025-11-18 05:47:44'),
(336, 15, 2567, 0, 0, 0, 1, '<=', '0.4750', 'ต่อ 1,000 วันนอน', '0.4650', '0.0100', 'Success', NULL, 'หัวหน้าพยาบาลผู้ป่วยใน', 5, '', '', ' (จำลองจากปี 2568)', '2025-11-18 05:47:44'),
(337, 16, 2567, 0, 0, 0, 1, '<=', '0.9500', 'ต่อ 1,000 doses', '0.9300', '0.0200', 'Success', NULL, 'คณะกรรมการยาและเภสัชกรรม', 16, '', '', ' (จำลองจากปี 2568)', '2025-11-18 05:47:44'),
(338, 17, 2567, 0, 0, 0, 1, '>=', '66.5000', 'เปอร์เซ็นต์', '65.1000', '1.4000', 'Success', NULL, 'หัวหน้าทีมจิตเวชและยาเสพติด', 7, '', '', ' (จำลองจากปี 2568)', '2025-11-18 05:47:44'),
(339, 18, 2567, 0, 0, 0, 1, '>=', '57.0000', 'เปอร์เซ็นต์', '55.8000', '1.2000', 'Success', NULL, 'หัวหน้าทีมจิตเวชและยาเสพติด', 7, '', '', ' (จำลองจากปี 2568)', '2025-11-18 05:47:44'),
(340, 19, 2567, 0, 0, 0, 1, '>=', '85.5000', 'เปอร์เซ็นต์', '83.7000', '1.8000', 'Success', NULL, 'หัวหน้าทีมโรคติดต่อทางเพศสัมพันธ์', 8, '', '', ' (จำลองจากปี 2568)', '2025-11-18 05:47:44'),
(341, 20, 2567, 0, 0, 0, 1, '>=', '57.0000', 'เปอร์เซ็นต์', '55.8000', '1.2000', 'Success', NULL, 'หัวหน้าทีมโรคติดต่อทางเพศสัมพันธ์', 8, '', '', ' (จำลองจากปี 2568)', '2025-11-18 05:47:44'),
(343, 22, 2567, 0, 0, 0, 1, '>=', '80.7500', 'เปอร์เซ็นต์', '79.0500', '1.7000', 'Success', NULL, 'หัวหน้าทีมผ่าตัดตา', 9, '', '', ' (จำลองจากปี 2568)', '2025-11-18 05:47:44'),
(344, 23, 2567, 0, 0, 0, 1, '<=', '57.0000', 'วัน', '51.0000', '6.0000', 'Success', NULL, 'หัวหน้าทีมคลินิกทางเดินปัสสาวะ', NULL, '', '', '(จำลองจากปี 2568)', '2025-11-24 01:35:03'),
(345, 24, 2567, 0, 0, 0, 1, '<=', '19.0000', 'เปอร์เซ็นต์', '18.6000', '0.4000', 'Success', NULL, 'หัวหน้าทีมคลินิกทางเดินปัสสาวะ', 10, '', '', ' (จำลองจากปี 2568)', '2025-11-18 05:47:44'),
(346, 25, 2567, 0, 0, 0, 1, '>=', '76.0000', 'เปอร์เซ็นต์', '74.4000', '1.6000', 'Success', NULL, 'หัวหน้าทีมคลินิกหัวใจ', 11, '', '', ' (จำลองจากปี 2568)', '2025-11-18 05:47:44'),
(347, 26, 2567, 0, 0, 0, 1, '>=', '76.0000', 'เปอร์เซ็นต์', '74.4000', '1.6000', 'Success', NULL, 'หัวหน้าทีมคลินิกหัวใจ', 11, '', '', ' (จำลองจากปี 2568)', '2025-11-18 05:47:44'),
(348, 27, 2567, 0, 0, 0, 1, '>=', '76.0000', 'เปอร์เซ็นต์', '74.4000', '1.6000', 'Success', NULL, 'หัวหน้าทีมคลินิกไตเทียม', 12, '', '', ' (จำลองจากปี 2568)', '2025-11-18 05:47:44'),
(349, 28, 2567, 0, 0, 0, 1, '<=', '1.9000', 'ต่อ 1,000 catheter-days', '1.8600', '0.0400', 'Success', NULL, 'หัวหน้าทีมคลินิกไตเทียม', 12, '', '', ' (จำลองจากปี 2568)', '2025-11-18 05:47:44'),
(350, 29, 2567, 0, 0, 0, 1, '<=', '7.6000', 'ผู้ป่วยต่อพยาบาล', '7.4400', '0.1600', 'Success', NULL, 'หัวหน้ากลุ่มการพยาบาล', 5, '', '', ' (จำลองจากปี 2568)', '2025-11-18 05:47:44'),
(351, 30, 2567, 0, 0, 0, 1, '<=', '9.5000', 'เปอร์เซ็นต์', '9.3000', '0.2000', 'Success', NULL, 'หัวหน้าฝ่ายทรัพยากรบุคคล', 16, '', '', ' (จำลองจากปี 2568)', '2025-11-18 05:47:44'),
(352, 31, 2567, 0, 0, 0, 1, '>=', '90.2500', 'เปอร์เซ็นต์ของเป้าหมาย', '88.3500', '1.9000', 'Success', NULL, 'หัวหน้าทีมการเงินการคลัง', 18, '', '', ' (จำลองจากปี 2568)', '2025-11-18 05:47:44'),
(353, 32, 2567, 0, 0, 0, 1, '<=', '28.5000', 'เปอร์เซ็นต์', '27.9000', '0.6000', 'Success', NULL, 'หัวหน้าทีมการเงินการคลัง', 18, '', '', ' (จำลองจากปี 2568)', '2025-11-18 05:47:44'),
(354, 33, 2567, 0, 0, 0, 1, '>=', '95.0000', 'เปอร์เซ็นต์', '95.0000', '0.0000', 'Success', NULL, 'หัวหน้างานสุขภาพดิจิทัล', NULL, '', '', '(จำลองจากปี 2568)', '2025-11-23 07:08:12'),
(478, 1, 2569, 1, 0, 0, 0, '>=', '89.2500', 'เปอร์เซ็นต์', '90.9500', '-1.7000', 'Success', NULL, 'ทีมบริหารและพัฒนาคุณภาพโรงพยาบาล', 1, '', '', ' (จำลอง Q1 ปี 2569 จากปี 2568)', '2025-11-18 05:47:44'),
(479, 2, 2569, 1, 0, 0, 0, '<=', '4.7250', 'วัน', '4.8150', '-0.0900', 'Success', NULL, 'ทีมบริหารและพัฒนาคุณภาพโรงพยาบาล', 1, '', '', ' (จำลอง Q1 ปี 2569 จากปี 2568)', '2025-11-18 05:47:44'),
(480, 3, 2569, 1, 0, 0, 0, '<=', '8.4000', 'เปอร์เซ็นต์', '8.5600', '-0.1600', 'Success', NULL, 'ทีมบริหารและพัฒนาคุณภาพโรงพยาบาล', 1, '', '', ' (จำลอง Q1 ปี 2569 จากปี 2568)', '2025-11-18 05:47:44'),
(481, 4, 2569, 1, 0, 0, 0, '<=', '10.5000', 'ต่อ 1,000 AN', '10.7000', '-0.2000', 'Success', NULL, 'ทีมบริหารและพัฒนาคุณภาพโรงพยาบาล', 1, '', '', ' (จำลอง Q1 ปี 2569 จากปี 2568)', '2025-11-18 05:47:44'),
(482, 5, 2569, 1, 0, 0, 0, '>=', '89.2500', 'เปอร์เซ็นต์', '90.9500', '-1.7000', 'Success', NULL, 'ทีมบริหารและพัฒนาคุณภาพโรงพยาบาล', 1, '', '', ' (จำลอง Q1 ปี 2569 จากปี 2568)', '2025-11-18 05:47:44'),
(483, 6, 2569, 1, 0, 0, 0, '<=', '120.0000', 'นาที', '128.4000', '-8.4000', 'Fail', NULL, 'หัวหน้าฝ่ายผู้ป่วยนอก', NULL, '', '', '(จำลอง Q1 ปี 2569 จากปี 2568)', '2025-11-23 08:06:09'),
(484, 7, 2569, 1, 0, 0, 0, '>=', '84.0000', 'เปอร์เซ็นต์', '85.6000', '-1.6000', 'Success', NULL, 'หัวหน้าฝ่ายผู้ป่วยนอก', 2, '', '', ' (จำลอง Q1 ปี 2569 จากปี 2568)', '2025-11-18 05:47:44'),
(485, 8, 2569, 1, 0, 0, 0, '<=', '5.2500', 'เปอร์เซ็นต์', '5.3500', '-0.1000', 'Success', NULL, 'หัวหน้าฝ่ายผู้ป่วยนอก', 2, '', '', ' (จำลอง Q1 ปี 2569 จากปี 2568)', '2025-11-18 05:47:44'),
(486, 9, 2569, 1, 0, 0, 0, '>=', '47.2500', 'เปอร์เซ็นต์', '48.1500', '-0.9000', 'Success', NULL, 'หัวหน้าคลินิกโรคไม่ติดต่อเรื้อรัง', 3, '', '', ' (จำลอง Q1 ปี 2569 จากปี 2568)', '2025-11-18 05:47:44'),
(487, 10, 2569, 1, 0, 0, 0, '>=', '65.0000', 'เปอร์เซ็นต์', '69.5500', '-4.5500', 'Success', NULL, 'หัวหน้าคลินิกโรคไม่ติดต่อเรื้อรัง', NULL, '', '', '(จำลอง Q1 ปี 2569 จากปี 2568)', '2025-11-24 01:12:59'),
(488, 11, 2569, 1, 0, 0, 0, '<=', '10.5000', 'ครั้งต่อ 100 ผู้ป่วย', '10.7000', '-0.2000', 'Success', NULL, 'หัวหน้าคลินิกโรคไม่ติดต่อเรื้อรัง', 3, '', '', ' (จำลอง Q1 ปี 2569 จากปี 2568)', '2025-11-18 05:47:44'),
(489, 12, 2569, 1, 0, 0, 0, '>=', '63.0000', 'เปอร์เซ็นต์', '64.2000', '-1.2000', 'Success', NULL, 'หัวหน้าทีมทันตกรรม', 4, '', '', ' (จำลอง Q1 ปี 2569 จากปี 2568)', '2025-11-18 05:47:44'),
(490, 13, 2569, 1, 0, 0, 0, '>=', '84.0000', 'เปอร์เซ็นต์', '85.6000', '-1.6000', 'Success', NULL, 'หัวหน้าทีมทันตกรรม', 4, '', '', ' (จำลอง Q1 ปี 2569 จากปี 2568)', '2025-11-18 05:47:44'),
(491, 14, 2569, 1, 0, 0, 0, '<=', '1.0500', 'ต่อ 1,000 วันนอน', '1.0700', '-0.0200', 'Success', NULL, 'หัวหน้าพยาบาลผู้ป่วยใน', 5, '', '', ' (จำลอง Q1 ปี 2569 จากปี 2568)', '2025-11-18 05:47:44'),
(492, 15, 2569, 1, 0, 0, 0, '<=', '0.5250', 'ต่อ 1,000 วันนอน', '0.5350', '-0.0100', 'Success', NULL, 'หัวหน้าพยาบาลผู้ป่วยใน', 5, '', '', ' (จำลอง Q1 ปี 2569 จากปี 2568)', '2025-11-18 05:47:44'),
(493, 16, 2569, 1, 0, 0, 0, '<=', '1.0500', 'ต่อ 1,000 doses', '1.0700', '-0.0200', 'Success', NULL, 'คณะกรรมการยาและเภสัชกรรม', 16, '', '', ' (จำลอง Q1 ปี 2569 จากปี 2568)', '2025-11-18 05:47:44'),
(494, 17, 2569, 1, 0, 0, 0, '>=', '73.5000', 'เปอร์เซ็นต์', '74.9000', '-1.4000', 'Success', NULL, 'หัวหน้าทีมจิตเวชและยาเสพติด', 7, '', '', ' (จำลอง Q1 ปี 2569 จากปี 2568)', '2025-11-18 05:47:44'),
(495, 18, 2569, 1, 0, 0, 0, '>=', '63.0000', 'เปอร์เซ็นต์', '64.2000', '-1.2000', 'Success', NULL, 'หัวหน้าทีมจิตเวชและยาเสพติด', 7, '', '', ' (จำลอง Q1 ปี 2569 จากปี 2568)', '2025-11-18 05:47:44'),
(496, 19, 2569, 1, 0, 0, 0, '>=', '94.5000', 'เปอร์เซ็นต์', '96.3000', '-1.8000', 'Success', NULL, 'หัวหน้าทีมโรคติดต่อทางเพศสัมพันธ์', 8, '', '', ' (จำลอง Q1 ปี 2569 จากปี 2568)', '2025-11-18 05:47:44'),
(497, 20, 2569, 1, 0, 0, 0, '>=', '63.0000', 'เปอร์เซ็นต์', '64.2000', '-1.2000', 'Success', NULL, 'หัวหน้าทีมโรคติดต่อทางเพศสัมพันธ์', 8, '', '', ' (จำลอง Q1 ปี 2569 จากปี 2568)', '2025-11-18 05:47:44'),
(499, 22, 2569, 1, 0, 0, 0, '>=', '89.2500', 'เปอร์เซ็นต์', '90.9500', '-1.7000', 'Success', NULL, 'หัวหน้าทีมผ่าตัดตา', 9, '', '', ' (จำลอง Q1 ปี 2569 จากปี 2568)', '2025-11-18 05:47:44'),
(500, 23, 2569, 1, 0, 0, 0, '<=', '57.0000', 'วัน', '75.0000', '-18.0000', 'Fail', NULL, 'หัวหน้าทีมคลินิกทางเดินปัสสาวะ', NULL, '', '', '(จำลอง Q1 ปี 2569 จากปี 2568)', '2025-11-24 01:33:32'),
(501, 24, 2569, 1, 0, 0, 0, '<=', '21.0000', 'เปอร์เซ็นต์', '21.4000', '-0.4000', 'Success', NULL, 'หัวหน้าทีมคลินิกทางเดินปัสสาวะ', 10, '', '', ' (จำลอง Q1 ปี 2569 จากปี 2568)', '2025-11-18 05:47:44'),
(502, 25, 2569, 1, 0, 0, 0, '>=', '84.0000', 'เปอร์เซ็นต์', '85.6000', '-1.6000', 'Success', NULL, 'หัวหน้าทีมคลินิกหัวใจ', 11, '', '', ' (จำลอง Q1 ปี 2569 จากปี 2568)', '2025-11-18 05:47:44'),
(503, 26, 2569, 1, 0, 0, 0, '>=', '84.0000', 'เปอร์เซ็นต์', '85.6000', '-1.6000', 'Success', NULL, 'หัวหน้าทีมคลินิกหัวใจ', 11, '', '', ' (จำลอง Q1 ปี 2569 จากปี 2568)', '2025-11-18 05:47:44');
INSERT INTO `tb_kpi_instances` (`id`, `template_id`, `fiscal_year`, `quarter1`, `quarter2`, `quarter3`, `quarter4`, `operation`, `target_value`, `unit`, `actual_value`, `variance`, `status`, `department_id`, `responsible_person`, `workgroup_id`, `action_plan`, `root_cause`, `suggestions`, `last_update`) VALUES
(504, 27, 2569, 1, 0, 0, 0, '>=', '84.0000', 'เปอร์เซ็นต์', '85.6000', '-1.6000', 'Success', NULL, 'หัวหน้าทีมคลินิกไตเทียม', 12, '', '', ' (จำลอง Q1 ปี 2569 จากปี 2568)', '2025-11-18 05:47:44'),
(505, 28, 2569, 1, 0, 0, 0, '<=', '2.1000', 'ต่อ 1,000 catheter-days', '2.1400', '-0.0400', 'Success', NULL, 'หัวหน้าทีมคลินิกไตเทียม', 12, '', '', ' (จำลอง Q1 ปี 2569 จากปี 2568)', '2025-11-18 05:47:44'),
(506, 29, 2569, 1, 0, 0, 0, '<=', '8.4000', 'ผู้ป่วยต่อพยาบาล', '8.5600', '-0.1600', 'Success', NULL, 'หัวหน้ากลุ่มการพยาบาล', 5, '', '', ' (จำลอง Q1 ปี 2569 จากปี 2568)', '2025-11-18 05:47:44'),
(507, 30, 2569, 1, 0, 0, 0, '<=', '10.5000', 'เปอร์เซ็นต์', '10.7000', '-0.2000', 'Success', NULL, 'หัวหน้าฝ่ายทรัพยากรบุคคล', 16, '', '', ' (จำลอง Q1 ปี 2569 จากปี 2568)', '2025-11-18 05:47:44'),
(508, 31, 2569, 1, 0, 0, 0, '>=', '99.7500', 'เปอร์เซ็นต์ของเป้าหมาย', '101.6500', '-1.9000', 'Success', NULL, 'หัวหน้าทีมการเงินการคลัง', 18, '', '', ' (จำลอง Q1 ปี 2569 จากปี 2568)', '2025-11-18 05:47:44'),
(509, 32, 2569, 1, 0, 0, 0, '<=', '31.5000', 'เปอร์เซ็นต์', '32.1000', '-0.6000', 'Success', NULL, 'หัวหน้าทีมการเงินการคลัง', 18, '', '', ' (จำลอง Q1 ปี 2569 จากปี 2568)', '2025-11-18 05:47:44'),
(510, 33, 2569, 1, 0, 0, 0, '>=', '95.0000', 'เปอร์เซ็นต์', '99.0000', '-4.0000', 'Success', NULL, 'หัวหน้างานสุขภาพดิจิทัล', NULL, '', '', '(จำลอง Q1 ปี 2569 จากปี 2568)', '2025-11-23 07:08:43'),
(543, 23, 2569, 0, 1, 0, 0, '<=', '57.0000', 'วัน', '52.0000', '5.0000', 'Success', NULL, 'หัวหน้าทีมคลินิกทางเดินปัสสาวะ', NULL, '', '', '', '2025-11-23 07:30:52'),
(547, 35, 2569, 1, 0, 0, 0, '>=', '500.0000', 'เคสต่อปี', '125.0000', '375.0000', 'Fail', NULL, 'หัวหน้าคลินิกโรคไม่ติดต่อเรื้อรัง', NULL, '', '', '', '2025-11-23 04:21:46'),
(548, 35, 2569, 0, 1, 0, 0, '>=', '500.0000', 'เคสต่อปี', '132.0000', '368.0000', 'Fail', NULL, 'หัวหน้าคลินิกโรคไม่ติดต่อเรื้อรัง', NULL, '', '', '', '2025-11-23 04:23:58'),
(549, 35, 2569, 0, 0, 1, 0, '>=', '500.0000', 'เคสต่อปี', '162.0000', '338.0000', 'Fail', NULL, 'หัวหน้าคลินิกโรคไม่ติดต่อเรื้อรัง', NULL, '', '', '', '2025-11-23 04:24:16'),
(550, 35, 2569, 0, 0, 0, 1, '>=', '500.0000', 'เคสต่อปี', '76.0000', '424.0000', 'Fail', NULL, 'หัวหน้าคลินิกโรคไม่ติดต่อเรื้อรัง', NULL, '', '', '', '2025-11-23 04:24:34'),
(557, 6, 2569, 0, 1, 0, 0, '<=', '120.0000', 'นาที', '110.0000', '10.0000', 'Success', NULL, 'หัวหน้าฝ่ายผู้ป่วยนอก', NULL, '', '', '', '2025-11-23 09:19:04'),
(558, 20, 2569, 0, 1, 0, 0, '>=', '63.0000', 'เปอร์เซ็นต์', '62.0000', '1.0000', 'Fail', NULL, 'หัวหน้าทีมโรคติดต่อทางเพศสัมพันธ์', NULL, '', '', '', '2025-11-23 09:19:32'),
(569, 42, 2569, 1, 0, 0, 0, '<', '10.0000', '%', '9.0000', '1.0000', 'Success', '5', '', 0, '', '', '', '2025-11-27 06:18:25'),
(570, 42, 2569, 0, 1, 0, 0, '<', '10.0000', '%', '11.0000', '-1.0000', 'Fail', '5', '', 0, '', '', '', '2025-11-27 06:18:38'),
(571, 42, 2569, 0, 0, 1, 0, '<', '10.0000', '%', '7.0000', '3.0000', 'Success', NULL, '', NULL, '', '', '', '2025-11-26 01:09:01'),
(572, 42, 2569, 0, 0, 0, 1, '<', '10.0000', '%', '8.0000', '2.0000', 'Success', NULL, '', NULL, '', '', '', '2025-11-26 01:09:04'),
(573, 43, 2567, 1, 0, 0, 0, '=', '0.0000', 'ราย', '1.0000', '-1.0000', 'Fail', '', '', 0, '', '', '', '2025-12-14 01:12:57'),
(574, 43, 2567, 0, 1, 0, 0, '=', '0.0000', 'ราย', '0.0000', '0.0000', 'Success', NULL, '', NULL, '', '', '', '2025-11-26 01:09:42'),
(575, 43, 2567, 0, 0, 1, 0, '=', '0.0000', 'ราย', '1.0000', '-1.0000', 'Fail', NULL, '', NULL, '', '', '', '2025-11-26 01:09:35'),
(576, 43, 2567, 0, 0, 0, 1, '=', '0.0000', 'ราย', '0.0000', '0.0000', 'Success', NULL, '', NULL, '', '', '', '2025-11-26 01:09:38'),
(577, 44, 2567, 1, 0, 0, 0, '<', '2.0000', 'ราย', '0.0000', '2.0000', 'Success', '', 'ดร.ธนกร', 24, '', '', '', '2025-12-08 09:21:55'),
(578, 44, 2567, 0, 1, 0, 0, '<', '2.0000', 'ราย', '0.0000', '2.0000', 'Success', NULL, '', NULL, '', '', '', '2025-11-25 09:09:24'),
(579, 44, 2567, 0, 0, 1, 0, '<', '2.0000', 'ราย', '0.0000', '2.0000', 'Success', NULL, '', NULL, '', '', '', '2025-11-25 09:09:48'),
(580, 44, 2567, 0, 0, 0, 1, '<', '2.0000', 'ราย', '0.0000', '2.0000', 'Success', NULL, '', NULL, '', '', '', '2025-11-25 09:10:01'),
(581, 45, 2567, 1, 0, 0, 0, '>=', '100.0000', '%', '93.3300', '6.6700', 'Fail', '28,17', '', 6, '', '', '', '2025-12-03 08:22:04');

-- --------------------------------------------------------

--
-- Table structure for table `tb_kpi_templates`
--

CREATE TABLE `tb_kpi_templates` (
  `id` int(11) NOT NULL,
  `kpi_name` varchar(255) COLLATE utf8mb4_unicode_ci NOT NULL,
  `description` text COLLATE utf8mb4_unicode_ci,
  `category_id` int(11) DEFAULT NULL,
  `strategic_issue` varchar(191) COLLATE utf8mb4_unicode_ci NOT NULL,
  `mission` varchar(191) COLLATE utf8mb4_unicode_ci NOT NULL,
  `department_id` varchar(255) COLLATE utf8mb4_unicode_ci DEFAULT NULL,
  `workgroup_id` varchar(255) COLLATE utf8mb4_unicode_ci DEFAULT NULL,
  `responsible_user_id` int(11) DEFAULT NULL,
  `strategy_id` int(11) DEFAULT NULL,
  `agg_type` enum('SUM','AVG') COLLATE utf8mb4_unicode_ci NOT NULL DEFAULT 'AVG',
  `template_file` varchar(255) COLLATE utf8mb4_unicode_ci DEFAULT NULL,
  `created_at` timestamp NOT NULL DEFAULT CURRENT_TIMESTAMP,
  `updated_at` timestamp NOT NULL DEFAULT CURRENT_TIMESTAMP ON UPDATE CURRENT_TIMESTAMP
) ENGINE=InnoDB DEFAULT CHARSET=utf8mb4 COLLATE=utf8mb4_unicode_ci;

--
-- Dumping data for table `tb_kpi_templates`
--

INSERT INTO `tb_kpi_templates` (`id`, `kpi_name`, `description`, `category_id`, `strategic_issue`, `mission`, `department_id`, `workgroup_id`, `responsible_user_id`, `strategy_id`, `agg_type`, `template_file`, `created_at`, `updated_at`) VALUES
(1, 'อัตราครองเตียงเฉลี่ย (Bed occupancy rate)', 'ร้อยละการใช้เตียงเฉลี่ยทั้งโรงพยาบาล (ผู้ป่วยในหญิง/ชาย) ใช้ประเมินประสิทธิภาพการใช้เตียง', 4, 'เพิ่มประสิทธิภาพการบริหารทรัพยากรและการเงินการคลัง', 'บริหารจัดการทรัพยากรอย่างมีประสิทธิภาพและโปร่งใส', NULL, NULL, NULL, NULL, 'AVG', NULL, '2025-11-18 02:37:36', '2025-11-18 02:37:36'),
(2, 'ระยะเวลานอนเฉลี่ย (Average length of stay, ALOS)', 'จำนวนวันนอนเฉลี่ยต่อผู้ป่วยใน 1 ราย ทุกวอร์ด', 4, 'เพิ่มประสิทธิภาพการบริหารทรัพยากรและการเงินการคลัง', 'บริหารจัดการทรัพยากรอย่างมีประสิทธิภาพและโปร่งใส', NULL, NULL, NULL, NULL, 'AVG', NULL, '2025-11-18 02:37:36', '2025-11-18 02:37:36'),
(3, 'อัตราการกลับเข้ารักษาซ้ำใน 28 วัน (All-cause readmission)', 'อัตราการ readmit ภายใน 28 วันหลังจำหน่ายทุกรายสาเหตุ', 1, 'ยกระดับคุณภาพและความปลอดภัยของบริการ', 'ให้บริการสุขภาพที่ปลอดภัยตามมาตรฐานวิชาชีพ', NULL, NULL, NULL, NULL, 'AVG', NULL, '2025-11-18 02:37:36', '2025-11-18 02:37:36'),
(4, 'อัตราการตายในโรงพยาบาล (ไม่รวม DOA)', 'อัตราการเสียชีวิตในโรงพยาบาลต่อ 1,000 AN (ไม่รวม DOA)', 1, 'ยกระดับคุณภาพและความปลอดภัยของบริการ', 'ให้บริการสุขภาพที่ปลอดภัยตามมาตรฐานวิชาชีพ', NULL, NULL, NULL, NULL, 'AVG', NULL, '2025-11-18 02:37:36', '2025-11-18 02:37:36'),
(5, 'ระดับความพึงพอใจรวมของผู้รับบริการ', 'คะแนนเฉลี่ยความพึงพอใจผู้รับบริการทุกหน่วยบริการ', 8, 'ยกระดับคุณภาพและความปลอดภัยของบริการ', 'ให้บริการสุขภาพที่ปลอดภัยตามมาตรฐานวิชาชีพ', NULL, NULL, NULL, NULL, 'AVG', NULL, '2025-11-18 02:37:36', '2025-11-18 02:37:36'),
(6, 'ระยะเวลารอพบแพทย์เฉลี่ย ผู้ป่วยนอกทั่วไป', 'เวลาตั้งแต่ลงทะเบียนจนพบแพทย์ สำหรับผู้ป่วยนอกทั่วไป', 3, 'พัฒนาระบบบริการครบวงจรตามกลุ่มโรคสำคัญ', 'พัฒนาระบบบริการเฉพาะทางตามกลุ่มโรคสำคัญของพื้นที่', NULL, NULL, NULL, NULL, 'AVG', NULL, '2025-11-18 02:37:36', '2025-11-18 02:37:36'),
(7, 'ร้อยละผู้ป่วยนอกที่ได้รับบริการเสร็จภายใน 2 ชั่วโมง', 'ผู้ป่วยนอกที่เสร็จสิ้นทุกกระบวนการภายใน 2 ชั่วโมงต่อ visit', 3, 'พัฒนาระบบบริการครบวงจรตามกลุ่มโรคสำคัญ', 'พัฒนาระบบบริการเฉพาะทางตามกลุ่มโรคสำคัญของพื้นที่', NULL, NULL, NULL, NULL, 'AVG', NULL, '2025-11-18 02:37:36', '2025-11-18 02:37:36'),
(8, 'อัตรา visit ซ้ำภายใน 48 ชั่วโมงด้วยอาการเดิม', 'ผู้ป่วยนอกที่มารับบริการซ้ำภายใน 48 ชั่วโมงด้วยอาการเดิม', 2, 'ยกระดับคุณภาพและความปลอดภัยของบริการ', 'ให้บริการสุขภาพที่ปลอดภัยตามมาตรฐานวิชาชีพ', NULL, NULL, NULL, NULL, 'AVG', NULL, '2025-11-18 02:37:36', '2025-11-18 02:37:36'),
(9, 'ร้อยละผู้ป่วยเบาหวานที่ควบคุม HbA1c < 7%', 'ผู้ป่วยเบาหวานที่มีค่า HbA1c ล่าสุด < 7% ตามเกณฑ์คลินิก NCD', 1, 'พัฒนาระบบบริการครบวงจรตามกลุ่มโรคสำคัญ', 'พัฒนาระบบบริการเฉพาะทางตามกลุ่มโรคสำคัญของพื้นที่', NULL, NULL, NULL, NULL, 'AVG', NULL, '2025-11-18 02:37:36', '2025-11-18 02:37:36'),
(10, 'ร้อยละผู้ป่วยความดันโลหิตสูงที่ BP < 140/90 mmHg', 'ผู้ป่วยความดันโลหิตสูงที่ตรวจ BP ล่าสุด < 140/90 mmHg', 1, 'พัฒนาระบบบริการครบวงจรตามกลุ่มโรคสำคัญ', 'พัฒนาระบบบริการเฉพาะทางตามกลุ่มโรคสำคัญของพื้นที่', NULL, NULL, NULL, NULL, 'AVG', NULL, '2025-11-18 02:37:36', '2025-11-18 02:37:36'),
(11, 'อัตรา admit ซ้ำจากโรคเบาหวาน/ความดันที่ควบคุมไม่ดี', 'การนอนโรงพยาบาลซ้ำจากภาวะแทรกซ้อน DM/HT ที่ควบคุมไม่ดี', 1, 'พัฒนาระบบบริการครบวงจรตามกลุ่มโรคสำคัญ', 'พัฒนาระบบบริการเฉพาะทางตามกลุ่มโรคสำคัญของพื้นที่', NULL, NULL, NULL, NULL, 'AVG', NULL, '2025-11-18 02:37:36', '2025-11-18 02:37:36'),
(12, 'อัตราเด็ก ป.1 ไม่มีฟันผุ', 'ร้อยละเด็ก ป.1 ที่ตรวจแล้วไม่พบฟันผุ', 1, 'พัฒนาระบบบริการครบวงจรตามกลุ่มโรคสำคัญ', 'พัฒนาระบบบริการเฉพาะทางตามกลุ่มโรคสำคัญของพื้นที่', NULL, NULL, NULL, NULL, 'AVG', NULL, '2025-11-18 02:37:36', '2025-11-18 02:37:36'),
(13, 'ร้อยละผู้ป่วยทันตกรรมที่รักษาครบตามแผน', 'ผู้ป่วยทันตกรรมที่มารักษาจนครบตามแผนที่กำหนด', 4, 'ยกระดับคุณภาพและความปลอดภัยของบริการ', 'ให้บริการสุขภาพที่ปลอดภัยตามมาตรฐานวิชาชีพ', NULL, NULL, NULL, NULL, 'AVG', NULL, '2025-11-18 02:37:36', '2025-11-18 02:37:36'),
(14, 'อุบัติการณ์แผลกดทับใหม่ต่อ 1,000 วันนอน', 'จำนวนแผลกดทับใหม่ที่เกิดในโรงพยาบาลต่อ 1,000 patient-days', 2, 'ยกระดับคุณภาพและความปลอดภัยของบริการ', 'ให้บริการสุขภาพที่ปลอดภัยตามมาตรฐานวิชาชีพ', NULL, NULL, NULL, NULL, 'AVG', NULL, '2025-11-18 02:37:36', '2025-11-18 02:37:36'),
(15, 'อุบัติการณ์หกล้มมีการบาดเจ็บต่อ 1,000 วันนอน', 'เหตุหกล้มที่มีการบาดเจ็บต่อ 1,000 patient-days', 2, 'ยกระดับคุณภาพและความปลอดภัยของบริการ', 'ให้บริการสุขภาพที่ปลอดภัยตามมาตรฐานวิชาชีพ', NULL, NULL, NULL, NULL, 'AVG', NULL, '2025-11-18 02:37:36', '2025-11-18 02:37:36'),
(16, 'อัตรา medication error ที่ถึงผู้ป่วย (Category E ขึ้นไป)', 'จำนวน medication error ที่ถึงผู้ป่วย Category E ขึ้นไปต่อปริมาณการใช้ยา', 2, 'ยกระดับคุณภาพและความปลอดภัยของบริการ', 'ให้บริการสุขภาพที่ปลอดภัยตามมาตรฐานวิชาชีพ', NULL, NULL, NULL, NULL, 'AVG', NULL, '2025-11-18 02:37:36', '2025-11-18 02:37:36'),
(17, 'ร้อยละผู้ป่วยจิตเวชที่มารับบริการภายใน 7 วันหลังจำหน่าย', 'ผู้ป่วยจิตเวชที่มาติดตามรักษาตามนัดภายใน 7 วันหลังจำหน่าย', 3, 'พัฒนาระบบบริการครบวงจรตามกลุ่มโรคสำคัญ', 'พัฒนาระบบบริการเฉพาะทางตามกลุ่มโรคสำคัญของพื้นที่', NULL, NULL, NULL, NULL, 'AVG', NULL, '2025-11-18 02:37:36', '2025-11-18 02:37:36'),
(18, 'ร้อยละผู้ป่วยสารเสพติดที่ยังอยู่ในโปรแกรมอย่างน้อย 3 เดือน', 'ผู้ป่วยสารเสพติดที่มีการติดตามต่อเนื่องในโปรแกรมอย่างน้อย 3 เดือน', 3, 'พัฒนาระบบบริการครบวงจรตามกลุ่มโรคสำคัญ', 'พัฒนาระบบบริการเฉพาะทางตามกลุ่มโรคสำคัญของพื้นที่', NULL, NULL, NULL, NULL, 'AVG', NULL, '2025-11-18 02:37:36', '2025-11-18 02:37:36'),
(19, 'ร้อยละผู้ป่วยโรคติดต่อทางเพศสัมพันธ์ที่ได้รับการรักษาตามแนวทางมาตรฐาน', 'ผู้ป่วย STI ที่ได้รับการรักษาถูกต้องตามแนวทางมาตรฐาน', 1, 'พัฒนาระบบบริการครบวงจรตามกลุ่มโรคสำคัญ', 'พัฒนาระบบบริการเฉพาะทางตามกลุ่มโรคสำคัญของพื้นที่', NULL, NULL, NULL, NULL, 'AVG', NULL, '2025-11-18 02:37:36', '2025-11-18 02:37:36'),
(20, 'ร้อยละคู่นอนหรือคู่เสี่ยงของผู้ป่วยโรคติดต่อทางเพศสัมพันธ์ที่ได้รับการตรวจและรักษา', 'คู่นอนหรือคู่เสี่ยงที่ได้รับการตรวจวินิจฉัย/รักษาภายหลังพบผู้ป่วย STI', 3, 'พัฒนาระบบบริการครบวงจรตามกลุ่มโรคสำคัญ', 'พัฒนาระบบบริการเฉพาะทางตามกลุ่มโรคสำคัญของพื้นที่', NULL, NULL, NULL, NULL, 'AVG', NULL, '2025-11-18 02:37:36', '2025-11-18 02:37:36'),
(22, 'ร้อยละผู้ป่วยหลังผ่าตัดต้อกระจกที่มีสายตา ≥ 6/18 ที่ 6–8 สัปดาห์', 'ผู้ป่วยผ่าตัดต้อกระจกที่มีผลการมองเห็นดีตามเกณฑ์ที่ 6–8 สัปดาห์', 1, 'ยกระดับคุณภาพและความปลอดภัยของบริการ', 'ให้บริการสุขภาพที่ปลอดภัยตามมาตรฐานวิชาชีพ', NULL, NULL, NULL, NULL, 'AVG', NULL, '2025-11-18 02:37:36', '2025-11-18 02:37:36'),
(23, 'ระยะเวลารอผ่าตัดนิ่วหรือผ่าตัดต่อมลูกหมากเฉลี่ย', 'จำนวนวันตั้งแต่รับไว้ใน waiting list จนถึงวันผ่าตัด', 3, 'พัฒนาระบบบริการครบวงจรตามกลุ่มโรคสำคัญ', 'พัฒนาระบบบริการเฉพาะทางตามกลุ่มโรคสำคัญของพื้นที่', NULL, NULL, NULL, NULL, 'AVG', '', '2025-11-18 02:37:36', '2025-11-23 02:46:53'),
(24, 'อัตราเกิดนิ่วซ้ำภายใน 12 เดือน', 'ผู้ป่วยนิ่วที่กลับมาเกิดนิ่วซ้ำภายใน 1 ปี', 1, 'พัฒนาระบบบริการครบวงจรตามกลุ่มโรคสำคัญ', 'พัฒนาระบบบริการเฉพาะทางตามกลุ่มโรคสำคัญของพื้นที่', NULL, NULL, NULL, NULL, 'AVG', NULL, '2025-11-18 02:37:36', '2025-11-18 02:37:36'),
(25, 'ร้อยละผู้ป่วย STEMI ที่ได้รับยาละลายลิ่มเลือดภายใน 30 นาที', 'ผู้ป่วย STEMI ที่ได้รับ thrombolysis ภายใน 30 นาที (door-to-needle)', 1, 'พัฒนาระบบบริการครบวงจรตามกลุ่มโรคสำคัญ', 'พัฒนาระบบบริการเฉพาะทางตามกลุ่มโรคสำคัญของพื้นที่', NULL, NULL, NULL, NULL, 'AVG', NULL, '2025-11-18 02:37:36', '2025-11-18 02:37:36'),
(26, 'ร้อยละผู้ป่วยหัวใจล้มเหลวที่ได้รับยา ACEI/ARB และ beta-blocker ตามข้อบ่งชี้', 'ผู้ป่วยหัวใจล้มเหลวที่ได้รับยาตาม guideline ครบตามข้อบ่งชี้', 1, 'พัฒนาระบบบริการครบวงจรตามกลุ่มโรคสำคัญ', 'พัฒนาระบบบริการเฉพาะทางตามกลุ่มโรคสำคัญของพื้นที่', NULL, NULL, NULL, NULL, 'AVG', NULL, '2025-11-18 02:37:36', '2025-11-18 02:37:36'),
(27, 'ร้อยละผู้ป่วยฟอกเลือดที่มีค่า Kt/V ≥ 1.2', 'ผู้ป่วยฟอกเลือดที่มี adequacy ตามเกณฑ์ (Kt/V ≥ 1.2)', 1, 'พัฒนาระบบบริการครบวงจรตามกลุ่มโรคสำคัญ', 'พัฒนาระบบบริการเฉพาะทางตามกลุ่มโรคสำคัญของพื้นที่', NULL, NULL, NULL, NULL, 'AVG', NULL, '2025-11-18 02:37:36', '2025-11-18 02:37:36'),
(28, 'อัตราการติดเชื้อทางหลอดเลือดฟอกไตต่อ 1,000 catheter-days', 'อุบัติการณ์ติดเชื้อที่ทางเข้าเส้นฟอกต่อ 1,000 catheter-days', 2, 'ยกระดับคุณภาพและความปลอดภัยของบริการ', 'ให้บริการสุขภาพที่ปลอดภัยตามมาตรฐานวิชาชีพ', NULL, NULL, NULL, NULL, 'AVG', NULL, '2025-11-18 02:37:36', '2025-11-18 02:37:36'),
(29, 'อัตราส่วนพยาบาลต่อผู้ป่วยในเฉลี่ยต่อเวร', 'อัตราส่วนจำนวนผู้ป่วยต่อพยาบาลวิชาชีพเฉลี่ยต่อเวรทุกวอร์ด', 5, 'เพิ่มประสิทธิภาพการบริหารทรัพยากรและการเงินการคลัง', 'บริหารจัดการทรัพยากรอย่างมีประสิทธิภาพและโปร่งใส', NULL, NULL, NULL, NULL, 'AVG', NULL, '2025-11-18 02:37:36', '2025-11-18 02:37:36'),
(30, 'อัตราการลาออกของบุคลากรต่อปี', 'สัดส่วนบุคลากรที่ลาออกเทียบกับจำนวนบุคลากรทั้งหมดต่อปีงบประมาณ', 5, 'เสริมสร้างศักยภาพบุคลากรและระบบดิจิทัล', 'พัฒนาบุคลากรและระบบดิจิทัลเพื่อสนับสนุนบริการสุขภาพ', NULL, NULL, NULL, NULL, 'AVG', NULL, '2025-11-18 02:37:36', '2025-11-18 02:37:36'),
(31, 'รายรับรวมเทียบกับเป้าหมายงบประมาณ', 'ร้อยละของรายรับจริงเมื่อเทียบกับเป้าหมายงบประมาณที่กำหนด', 6, 'เพิ่มประสิทธิภาพการบริหารทรัพยากรและการเงินการคลัง', 'บริหารจัดการทรัพยากรอย่างมีประสิทธิภาพและโปร่งใส', NULL, NULL, NULL, NULL, 'AVG', NULL, '2025-11-18 02:37:36', '2025-11-18 02:37:36'),
(32, 'สัดส่วนค่าใช้จ่ายด้านยาเทียบกับรายรับทั้งหมด', 'ค่าใช้จ่ายด้านยาหารายรับรวมทั้งหมดของโรงพยาบาล', 6, 'เพิ่มประสิทธิภาพการบริหารทรัพยากรและการเงินการคลัง', 'บริหารจัดการทรัพยากรอย่างมีประสิทธิภาพและโปร่งใส', NULL, NULL, NULL, NULL, 'AVG', NULL, '2025-11-18 02:37:36', '2025-11-18 02:37:36'),
(33, 'ร้อยละเวชระเบียนและบันทึกการพยาบาลที่บันทึกใน HIS ภายใน 24 ชั่วโมง', 'สัดส่วนเวชระเบียนและบันทึกการพยาบาลที่บันทึกในระบบ HIS ครบถ้วนภายใน 24 ชั่วโมง', 7, 'เสริมสร้างศักยภาพบุคลากรและระบบดิจิทัล', 'พัฒนาบุคลากรและระบบดิจิทัลเพื่อสนับสนุนบริการสุขภาพ', NULL, NULL, NULL, NULL, 'AVG', NULL, '2025-11-18 02:37:36', '2025-11-18 02:37:36'),
(34, 'จำนวนการผ่าตัดต้อกระจกทั้งหมดในปีงบประมาณ (เคสสะสม)', 'นับจำนวนการผ่าตัดต้อกระจกของผู้ป่วยทุกสิทธิภายในปีงบประมาณแบบเคสสะสม ใช้ติดตามปริมาณบริการเทียบกับเป้าหมายทั้งปี เช่น >= 210 เคสต่อปี', 4, 'พัฒนาระบบบริการครบวงจรตามกลุ่มโรคสำคัญ', 'พัฒนาระบบบริการเฉพาะทางตามกลุ่มโรคสำคัญของพื้นที่', NULL, NULL, NULL, NULL, 'SUM', '', '2025-11-23 04:16:48', '2025-11-23 04:18:45'),
(35, 'จำนวนผู้ป่วยเบาหวานที่ได้รับการคัดกรองภาวะแทรกซ้อนทางตา (เคสสะสม)', 'นับจำนวนผู้ป่วยเบาหวานที่ได้รับการตรวจคัดกรองภาวะแทรกซ้อนทางตาอย่างน้อย 1 ครั้งในปีงบประมาณ จำนวนเป็นเคสสะสมเพื่อติดตามความครอบคลุมของการคัดกรอง', 9, 'พัฒนาระบบบริการครบวงจรตามกลุ่มโรคสำคัญ', 'พัฒนาระบบบริการเฉพาะทางตามกลุ่มโรคสำคัญของพื้นที่', NULL, NULL, NULL, NULL, 'SUM', '', '2025-11-23 04:16:48', '2025-11-23 04:23:13'),
(36, 'จำนวนผู้ป่วย Admit ซ้ำภายใน 28 วันด้วยโรคเดียวกัน (เคสสะสม)', 'นับจำนวนเคส Admit ซ้ำภายใน 28 วันจากการจำหน่ายครั้งก่อน โดยมีรหัสโรคหลัก (ICD-10 Principal Diagnosis) เหมือนเดิม ใช้ติดตามภาระการรับไว้รักษาซ้ำของกลุ่มโรคสำคัญ', 10, 'เพิ่มประสิทธิภาพการดูแลผู้ป่วยโรคเรื้อรัง/โรคสำคัญ', 'ลดการนอนโรงพยาบาลซ้ำไม่จำเป็น', NULL, NULL, NULL, NULL, 'SUM', NULL, '2025-11-23 04:16:48', '2025-11-23 04:16:48'),
(37, 'จำนวนผู้ป่วยอุบัติเหตุทางถนนที่เข้ารับการรักษาในโรงพยาบาล (เคสสะสม)', 'นับจำนวนเคสอุบัติเหตุทางถนนที่มารับบริการในโรงพยาบาล (OPD + IPD) ภายในปีงบประมาณแบบเคสสะสม เพื่อใช้วางแผนป้องกันและจัดสรรทรัพยากร', 11, 'ลดการตายและการบาดเจ็บจากอุบัติเหตุทางถนน', 'พัฒนาระบบการดูแลผู้บาดเจ็บจากอุบัติเหตุทางถนนอย่างมีคุณภาพ', NULL, NULL, NULL, NULL, 'SUM', NULL, '2025-11-23 04:16:48', '2025-11-23 04:16:48'),
(41, 'จำนวนการผ่าตัดต้อกระจกต่อปี', '', NULL, 'ประเด็นยุทธศาสตร์ที่ 1   พัฒนาระบบบริการสุขภาพให้ได้มาตรฐานสากล', 'เพิ่มความครอบคลุมของพื้นที่บริการ (PCT)', NULL, NULL, NULL, 4, 'SUM', '', '2025-11-24 08:25:32', '2025-11-24 10:18:53'),
(42, 'อัตราการติดเชื้อในโรงพยาบาล', '', NULL, 'ประเด็นยุทธศาสตร์ที่ 1   พัฒนาระบบบริการสุขภาพให้ได้มาตรฐานสากล', 'ผู้ป่วยปลอดภัย ไม่มีภาวะแทรกซ้อน', NULL, NULL, NULL, 3, 'AVG', '', '2025-11-24 09:04:18', '2025-11-24 10:18:34'),
(43, 'จำนวนการเสียชีวิตในโรงพยาบาลโดยไม่คาดหมาย', '', NULL, 'ประเด็นยุทธศาสตร์ที่ 1   พัฒนาระบบบริการสุขภาพให้ได้มาตรฐานสากล', 'ผู้ป่วยปลอดภัย ไม่มีภาวะแทรกซ้อน', NULL, NULL, NULL, 56, 'SUM', '', '2025-11-24 09:34:27', '2025-11-24 10:18:23'),
(44, 'อุบัติการณ์การ CPR นอก ER', '', NULL, 'ประเด็นยุทธศาสตร์ที่ 1   พัฒนาระบบบริการสุขภาพให้ได้มาตรฐานสากล', 'ผู้ป่วยปลอดภัย ไม่มีภาวะแทรกซ้อน', '28,6', '16,3,2', NULL, 56, 'SUM', '', '2025-11-24 09:37:59', '2025-11-25 06:39:10'),
(45, 'Stroke: อัตราผู้ป่วย stroke ที่สามารถเข้าสู่ Stroke Fast track', '', NULL, 'ประเด็นยุทธศาสตร์ที่ 1   พัฒนาระบบบริการสุขภาพให้ได้มาตรฐานสากล', 'ผู้ป่วยปลอดภัย ไม่มีภาวะแทรกซ้อน', '', '13,3', NULL, 56, 'AVG', 'Capture_20251127_032849_5352.jpg', '2025-11-24 09:58:17', '2025-11-27 02:28:49');

-- --------------------------------------------------------

--
-- Table structure for table `tb_missions`
--

CREATE TABLE `tb_missions` (
  `id` int(11) NOT NULL,
  `strategic_issue` varchar(191) COLLATE utf8mb4_unicode_ci NOT NULL,
  `name` varchar(191) COLLATE utf8mb4_unicode_ci NOT NULL,
  `description` text COLLATE utf8mb4_unicode_ci,
  `created_at` timestamp NOT NULL DEFAULT CURRENT_TIMESTAMP
) ENGINE=InnoDB DEFAULT CHARSET=utf8mb4 COLLATE=utf8mb4_unicode_ci;

--
-- Dumping data for table `tb_missions`
--

INSERT INTO `tb_missions` (`id`, `strategic_issue`, `name`, `description`, `created_at`) VALUES
(1, 'ประเด็นยุทธศาสตร์ที่ 1   พัฒนาระบบบริการสุขภาพให้ได้มาตรฐานสากล', 'ผู้ป่วยปลอดภัย ไม่มีภาวะแทรกซ้อน', 'หน่วยรับผิดชอบหลัก: PCT', '2025-11-24 04:35:24'),
(2, 'ประเด็นยุทธศาสตร์ที่ 1   พัฒนาระบบบริการสุขภาพให้ได้มาตรฐานสากล', 'เพิ่มความครอบคลุมของพื้นที่บริการ (PCT)', 'หน่วยรับผิดชอบหลัก: PCT', '2025-11-24 04:35:24'),
(3, 'ประเด็นยุทธศาสตร์ที่ 1   พัฒนาคุณภาพโรงพยาบาลให้ได้มาตรฐานสากล (HA QA พยาบาล LA HA ยาเสพติด)', 'พัฒนาคุณภาพโรงพยาบาลให้ได้มาตรฐานสากล', 'หน่วยรับผิดชอบหลัก: ทีม HA / QA / LA / ยาเสพติด', '2025-11-24 04:35:24'),
(4, 'ประเด็นยุทธศาสตร์ที่ 1   พัฒนาระบบบริการสุขภาพให้ได้มาตรฐานสากล', 'พัฒนากระบวนการดูแลผู้ป่วยแบบองค์รวม (PCU)', 'หน่วยรับผิดชอบหลัก: PCU', '2025-11-24 04:35:24'),
(5, 'ประเด็นยุทธศาสตร์ที่ 1   พัฒนาระบบบริการสุขภาพให้ได้มาตรฐานสากล', 'พัฒนาระบบงานและเพิ่มประสิทธิภาพกระบวนการทำงาน (QMR)', 'หน่วยรับผิดชอบหลัก: QMR', '2025-11-24 04:35:24'),
(6, 'ประเด็นยุทธศาสตร์ที่ 1   พัฒนาระบบบริการสุขภาพให้ได้มาตรฐานสากล', 'ผู้รับบริการพึงพอใจ (NSO)', 'หน่วยรับผิดชอบหลัก: NSO', '2025-11-24 04:35:24'),
(7, 'ประเด็นยุทธศาสตร์ที่ 2  ส่งเสริมสุขภาพให้ประชาชนดูแลสุขภาพตนเองได้', 'ประชาชนทุกกลุ่มวัยมีสุขภาพดี (PCU)', 'หน่วยรับผิดชอบหลัก: PCU', '2025-11-24 04:35:24'),
(8, 'ประเด็นยุทธศาสตร์ที่ 2  ส่งเสริมสุขภาพให้ประชาชนดูแลสุขภาพตนเองได้', 'ประชาชนมีความรอบรู้ด้านสุขภาพ และสามารถดูแลสุขภาพของตนเองได้', 'หน่วยรับผิดชอบหลัก: ทีมสุขภาพชุมชน', '2025-11-24 04:35:24'),
(9, 'ประเด็นยุทธศาสตร์ที่ 2  ส่งเสริมสุขภาพให้ประชาชนดูแลสุขภาพตนเองได้', 'เครือข่ายมีศักยภาพในการจัดการปัญหาสุขภาพในชุมชน', 'หน่วยรับผิดชอบหลัก: ภาคีเครือข่ายและทีมสุขภาพชุมชน', '2025-11-24 04:35:24'),
(10, 'ประเด็นยุทธศาสตร์ที่ 3   ภาคีเครือข่ายสุขภาพเข้มแข็งและมีคุณภาพ', 'ภาคีเครือข่ายดำเนินงานได้อย่างเข้มแข็งและมีมาตรฐาน (PCU/NPCU พชอ. ตำบลจัดการสุขภาพ กองทุนสุขภาพตำบล)', 'หน่วยรับผิดชอบหลัก: PCU / NPCU / พชอ. / กองทุนสุขภาพตำบล', '2025-11-24 04:35:24'),
(11, 'ประเด็นยุทธศาสตร์ที่ 3   ภาคีเครือข่ายสุขภาพเข้มแข็งและมีคุณภาพ', 'ภาคีเครือข่ายมีส่วนร่วมในการจัดการสุขภาพอย่างมีบูรณาการ', 'หน่วยรับผิดชอบหลัก: ภาคีเครือข่าย / ท้องถิ่น', '2025-11-24 04:35:24'),
(12, 'ประเด็นยุทธศาสตร์ที่ 3   ภาคีเครือข่ายสุขภาพเข้มแข็งและมีคุณภาพ', 'เครือข่ายมีความพึงพอใจในการสนับสนุน', 'หน่วยรับผิดชอบหลัก: ทีมสนับสนุนเครือข่าย / รพ.', '2025-11-24 04:35:24'),
(13, 'ประเด็นยุทธศาสตร์ที่ 4   พัฒนาระบบบริหารจัดการองค์กรให้มีประสิทธิภาพ', 'มีระบบการบริหารแผนงาน และการติดตามประเมินผลอย่างมีประสิทธิภาพ', 'หน่วยรับผิดชอบหลัก: งานแผนงาน / งานประเมินผล', '2025-11-24 04:35:24'),
(14, 'ประเด็นยุทธศาสตร์ที่ 4   พัฒนาระบบบริหารจัดการองค์กรให้มีประสิทธิภาพ', 'บริหารงบประมาณ การเงินการคลัง และระบบบัญชีอย่างมีประสิทธิภาพ', 'หน่วยรับผิดชอบหลัก: การเงินการคลัง / บัญชี', '2025-11-24 04:35:24'),
(15, 'ประเด็นยุทธศาสตร์ที่ 4   พัฒนาระบบบริหารจัดการองค์กรให้มีประสิทธิภาพ', 'พัฒนาระบบเทคโนโลยีและสารสนเทศ และฐานข้อมูลอย่างมีประสิทธิภาพ', 'หน่วยรับผิดชอบหลัก: งานเทคโนโลยีสารสนเทศ / HAITplus', '2025-11-24 04:35:24'),
(16, 'ประเด็นยุทธศาสตร์ที่ 4   พัฒนาระบบบริหารจัดการองค์กรให้มีประสิทธิภาพ', 'พัฒนาการบริหารจัดการทรัพยากรบุคคล (HRD) อย่างมีประสิทธิภาพ', 'หน่วยรับผิดชอบหลัก: งานทรัพยากรบุคคล', '2025-11-24 04:35:24'),
(17, 'ประเด็นยุทธศาสตร์ที่ 4   พัฒนาระบบบริหารจัดการองค์กรให้มีประสิทธิภาพ', 'พัฒนาศักยภาพบุคลากรในเครือข่ายสุขภาพอย่างมีประสิทธิภาพ', 'หน่วยรับผิดชอบหลัก: งานพัฒนาบุคลากร / เครือข่ายสุขภาพ', '2025-11-24 04:35:24'),
(18, 'ประเด็นยุทธศาสตร์ที่ 4   พัฒนาระบบบริหารจัดการองค์กรให้มีประสิทธิภาพ', 'ส่งเสริมธรรมาภิบาลในองค์กร', 'หน่วยรับผิดชอบหลัก: ทีมธรรมาภิบาล / ผู้บริหารองค์กร', '2025-11-24 04:35:24');

-- --------------------------------------------------------

--
-- Table structure for table `tb_positions`
--

CREATE TABLE `tb_positions` (
  `id` int(11) NOT NULL,
  `position_code` varchar(10) NOT NULL DEFAULT '',
  `position_name` varchar(100) NOT NULL,
  `sort_order` int(11) NOT NULL DEFAULT '0',
  `job_class` varchar(50) DEFAULT NULL,
  `is_active` tinyint(1) NOT NULL DEFAULT '1',
  `created_at` datetime NOT NULL DEFAULT CURRENT_TIMESTAMP,
  `updated_at` datetime NOT NULL DEFAULT CURRENT_TIMESTAMP ON UPDATE CURRENT_TIMESTAMP
) ENGINE=InnoDB DEFAULT CHARSET=utf8mb4;

--
-- Dumping data for table `tb_positions`
--

INSERT INTO `tb_positions` (`id`, `position_code`, `position_name`, `sort_order`, `job_class`, `is_active`, `created_at`, `updated_at`) VALUES
(1, '05', 'พยาบาลวิชาชีพ', 4, 'วิชาชีพ', 1, '2025-10-23 16:49:28', '2025-11-02 13:02:02'),
(2, '01', 'แพทย์', 1, 'วิชาชีพ', 1, '2025-10-23 16:49:28', '2025-10-26 17:23:45'),
(3, '20', 'เจ้าพนักงานธุรการ', 20, 'สนับสนุน', 1, '2025-10-23 16:49:28', '2025-10-24 13:38:59'),
(4, '10', 'นักวิชาการคอมพิวเตอร์', 23, NULL, 1, '2025-10-23 17:03:20', '2025-11-02 13:12:52'),
(5, '02', 'ทันตแพทย์', 3, NULL, 1, '2025-10-24 13:27:51', '2025-11-17 17:23:47'),
(6, '03', 'เภสัชกร', 3, NULL, 1, '2025-10-24 13:27:59', '2025-10-26 17:23:56'),
(7, '04', 'พยาบาลเทคนิค', 5, NULL, 1, '2025-10-24 13:28:05', '2025-11-02 13:02:09'),
(8, '06', 'ผู้ช่วยทันตแพทย์', 26, NULL, 1, '2025-10-24 13:28:10', '2025-11-02 13:14:13'),
(9, '07', 'ผู้ช่วยเภสัชกร', 18, NULL, 1, '2025-10-24 13:28:14', '2025-11-02 13:08:35'),
(10, '08', 'เทคนิคการแพทย์', 6, NULL, 1, '2025-10-24 13:30:40', '2025-11-02 13:02:28'),
(11, '09', 'เจ้าหน้าที่กายภาพ', 25, NULL, 1, '2025-10-24 13:30:48', '2025-11-02 13:13:31'),
(12, '11', 'พนักงานเก็บเอกสารทั่วไป', 46, NULL, 1, '2025-10-24 13:30:59', '2025-11-02 13:14:26'),
(13, '12', 'นักวิชาการสาธารณสุข', 11, NULL, 1, '2025-10-24 13:31:06', '2025-11-02 13:04:46'),
(14, '13', 'พนักงานช่วยเหลือคนไข้', 22, NULL, 1, '2025-10-24 13:31:12', '2025-11-02 13:11:08'),
(15, '14', 'เจ้าพนักงานทันตกรรม', 12, NULL, 1, '2025-10-24 13:31:16', '2025-11-02 13:05:17'),
(16, '15', 'เจ้าพนักงานเวชสถิติ', 16, NULL, 1, '2025-10-24 13:31:20', '2025-11-02 13:07:30'),
(17, '16', 'เจ้าพนักงานธุรการ', 27, NULL, 1, '2025-10-24 13:31:24', '2025-11-02 13:14:43'),
(18, '17', 'เจ้าพนักงานเวชกิจฉุกเฉิน', 14, NULL, 1, '2025-10-24 13:31:27', '2025-11-02 13:05:55'),
(19, '18', 'เจ้าพนักงานการเงินและบัญชี', 18, NULL, 1, '2025-10-24 13:31:31', '2025-10-30 10:44:21'),
(20, '19', 'เจ้าพนักงานเภสัชกรรม', 17, NULL, 1, '2025-10-24 13:31:35', '2025-11-02 13:08:23'),
(21, '21', 'พนักงานพิมพ์', 21, NULL, 1, '2025-10-24 13:31:50', '2025-10-24 13:38:37'),
(22, '22', 'นักโภชนาการ', 9, NULL, 1, '2025-10-24 13:31:54', '2025-11-02 13:03:48'),
(23, '23', 'นักกายภาพบำบัด', 8, NULL, 1, '2025-10-24 13:31:58', '2025-11-02 13:02:59'),
(24, '24', 'นักจิตวิทยา', 10, NULL, 1, '2025-10-24 13:32:01', '2025-11-02 13:04:32'),
(25, '25', 'แพทย์แผนไทย', 13, NULL, 1, '2025-10-24 13:32:06', '2025-11-02 13:05:34'),
(26, '26', 'เจ้าพนักงานวิทยาศาสตร์การแพทย์', 19, NULL, 1, '2025-10-24 13:32:09', '2025-11-02 13:09:40'),
(28, '30', 'นักรังสีการแพทย์', 7, NULL, 1, '2025-10-24 13:32:22', '2025-11-02 13:02:41'),
(29, '28', 'นักวิชาการเงินและบัญชี', 24, NULL, 1, '2025-10-24 13:32:37', '2025-11-02 13:13:15'),
(30, '27', 'นักวิชาการพัสดุ', 25, NULL, 1, '2025-10-24 13:32:47', '2025-11-02 13:13:51'),
(31, '31', 'พนักงานขับรถยนต์', 31, NULL, 1, '2025-10-29 16:03:10', '2025-10-29 16:03:10'),
(32, '32', 'พนักงานทำความสะอาด', 32, NULL, 1, '2025-10-30 09:05:53', '2025-10-30 09:05:53'),
(33, '33', 'ช่างไฟฟ้า', 33, NULL, 1, '2025-10-30 09:06:09', '2025-10-30 09:06:09'),
(34, '34', 'ช่างเทคนิค', 34, NULL, 1, '2025-10-30 09:23:02', '2025-10-30 09:27:30'),
(36, '35', 'พนักงานเก็บเงิน', 35, NULL, 1, '2025-10-30 09:27:43', '2025-10-30 09:27:43'),
(42, '36', 'พนักงานรักษาความปลอดภัย', 36, NULL, 1, '2025-10-30 12:58:02', '2025-10-30 12:58:02'),
(43, '37', 'พนักงานบริการ(คนสวน)', 47, NULL, 1, '2025-10-30 12:58:25', '2025-11-02 12:56:21'),
(44, '38', 'ผู้ช่วยห้องปฏิบัติการ', 21, NULL, 1, '2025-10-30 12:58:45', '2025-11-02 13:11:00'),
(45, '39', 'พนักงานรังสีเทคนิคการแพทย์', 20, NULL, 1, '2025-10-30 12:58:56', '2025-11-02 13:10:10'),
(46, '40', 'พนักงานเปล', 40, NULL, 1, '2025-10-30 16:33:01', '2025-10-30 16:33:01'),
(47, '41', 'พนักงานประกอบอาหาร', 41, NULL, 1, '2025-10-30 16:33:18', '2025-10-30 16:33:18'),
(48, '42', 'เจ้าพนักงานสาธารณสุข(อายุรเวช)', 42, NULL, 1, '2025-10-30 16:35:37', '2025-10-31 08:12:01'),
(49, '43', 'พนักงานเกษตรพื้นฐาน', 43, NULL, 1, '2025-10-31 08:12:24', '2025-10-31 08:12:24'),
(50, '44', 'พนักงานประจำห้องยา', 44, NULL, 1, '2025-10-31 08:12:39', '2025-10-31 08:12:39'),
(51, '45', 'นักวิชาการสาธารณสุข(เวชสถิติ)', 15, NULL, 1, '2025-10-31 11:19:35', '2025-11-02 13:06:30'),
(52, '46', 'พนักงานบริการ', 46, NULL, 1, '2025-11-02 08:38:33', '2025-11-02 08:38:33'),
(53, '47', 'โภชนากร', 47, NULL, 1, '2025-11-03 14:48:18', '2025-11-03 14:48:18'),
(54, '48', 'พนักงานธุรการ', 48, NULL, 1, '2025-11-03 14:49:10', '2025-11-03 14:49:10'),
(55, '49', 'ช่างต่อท่อ', 49, NULL, 1, '2025-11-03 14:49:41', '2025-11-03 14:49:41'),
(57, '50', 'พนักงานช่วยการพยาบาล', 50, NULL, 1, '2025-11-03 15:23:27', '2025-11-03 15:23:27'),
(58, '51', 'แพทย์เฉพาะทาง', 2, NULL, 1, '2025-11-04 11:28:56', '2025-11-17 17:23:56'),
(59, '99', 'อื่นๆ', 99, NULL, 1, '2025-11-09 09:53:13', '2025-11-09 09:53:13');

-- --------------------------------------------------------

--
-- Table structure for table `tb_strategic_issues`
--

CREATE TABLE `tb_strategic_issues` (
  `id` int(11) NOT NULL,
  `category_id` int(11) NOT NULL,
  `name` varchar(191) COLLATE utf8mb4_unicode_ci NOT NULL,
  `description` text COLLATE utf8mb4_unicode_ci,
  `created_at` timestamp NOT NULL DEFAULT CURRENT_TIMESTAMP,
  `updated_at` timestamp NOT NULL DEFAULT CURRENT_TIMESTAMP ON UPDATE CURRENT_TIMESTAMP
) ENGINE=InnoDB DEFAULT CHARSET=utf8mb4 COLLATE=utf8mb4_unicode_ci;

--
-- Dumping data for table `tb_strategic_issues`
--

INSERT INTO `tb_strategic_issues` (`id`, `category_id`, `name`, `description`, `created_at`, `updated_at`) VALUES
(20, 13, 'ประเด็นยุทธศาสตร์ที่ 1   พัฒนาระบบบริการสุขภาพให้ได้มาตรฐานสากล', 'มุ่งเน้นการพัฒนาระบบบริการสุขภาพของโรงพยาบาลให้มีคุณภาพและความปลอดภัยตามมาตรฐานสากล ครอบคลุมด้านระบบบริการ ผู้ป่วย งานสนับสนุน และความพึงพอใจของผู้รับบริการ', '2025-11-24 03:37:39', '2025-11-24 03:44:15'),
(22, 13, 'ประเด็นยุทธศาสตร์ที่ 3   ภาคีเครือข่ายสุขภาพเข้มแข็งและมีคุณภาพ', 'มุ่งเสริมสร้างภาคีเครือข่ายสุขภาพให้ดำเนินงานได้อย่างเข้มแข็ง มีมาตรฐาน และมีส่วนร่วมในการจัดการสุขภาพอย่างบูรณาการ', '2025-11-24 03:37:39', '2025-11-24 03:44:15'),
(25, 13, 'ประเด็นยุทธศาสตร์ที่ 2 ส่งเสริมสุขภาพให้ประชาชนดูแลสุขภาพตนเองได้', 'มุ่งเน้นให้ประชาชนทุกกลุ่มวัยมีสุขภาพดี มีความรอบรู้ด้านสุขภาพ และมีเครือข่ายที่มีศักยภาพในการจัดการปัญหาสุขภาพในชุมชน', '2025-11-24 03:44:15', '2025-11-24 03:44:15'),
(27, 13, 'ประเด็นยุทธศาสตร์ที่ 4 พัฒนาระบบบริหารจัดการองค์กรให้มีประสิทธิภาพ', 'มุ่งเน้นการบริหารจัดการองค์กร แผนงาน งบประมาณ เทคโนโลยีสารสนเทศ และทรัพยากรบุคคล ตามหลักธรรมาภิบาลอย่างมีประสิทธิภาพ', '2025-11-24 03:44:15', '2025-11-24 03:44:15');

-- --------------------------------------------------------

--
-- Table structure for table `tb_strategies`
--

CREATE TABLE `tb_strategies` (
  `id` int(11) NOT NULL,
  `mission_id` int(11) NOT NULL,
  `name` varchar(191) NOT NULL,
  `description` text,
  `created_at` timestamp NOT NULL DEFAULT CURRENT_TIMESTAMP,
  `updated_at` timestamp NOT NULL DEFAULT CURRENT_TIMESTAMP ON UPDATE CURRENT_TIMESTAMP
) ENGINE=InnoDB DEFAULT CHARSET=utf8mb4;

--
-- Dumping data for table `tb_strategies`
--

INSERT INTO `tb_strategies` (`id`, `mission_id`, `name`, `description`, `created_at`, `updated_at`) VALUES
(1, 1, 'พัฒนาระบบการดูแลผู้ป่วยตามมาตรฐาน', NULL, '2025-11-24 04:42:36', '2025-11-24 04:42:36'),
(2, 1, 'พัฒนาสมรรถนะบุคลากร', NULL, '2025-11-24 04:42:36', '2025-11-24 04:42:36'),
(3, 1, 'พัฒนาระบบสนับสนุนบริการ', NULL, '2025-11-24 04:42:36', '2025-11-24 04:42:36'),
(4, 2, 'เพิ่มศักยภาพในการจัดบริการเฉพาะทาง (7+1)', NULL, '2025-11-24 04:42:36', '2025-11-24 04:42:36'),
(5, 2, 'เพิ่มการเข้าถึงบริการด้วยบัตรประชาชนใบเดียว (ร้อยละการเข้าถึงข้อมูล PHR)', NULL, '2025-11-24 04:42:36', '2025-11-24 04:42:36'),
(6, 3, 'พัฒนาศักยภาพทีมนำ', NULL, '2025-11-24 04:42:36', '2025-11-24 04:42:36'),
(7, 3, 'สร้างวัฒนธรรมคุณภาพของบุคลากรทุกระดับ', NULL, '2025-11-24 04:42:36', '2025-11-24 04:42:36'),
(8, 4, 'ดูแลผู้ป่วยให้ครอบคลุม 4 มิติ', NULL, '2025-11-24 04:42:36', '2025-11-24 04:42:36'),
(9, 4, 'ระบบการดูแลต่อเนื่องถึงชุมชน', NULL, '2025-11-24 04:42:36', '2025-11-24 04:42:36'),
(10, 5, 'พัฒนาระบบงานด้วยระบบ LEAN', NULL, '2025-11-24 04:42:36', '2025-11-24 04:42:36'),
(11, 5, 'ใช้เทคโนโลยีมาพัฒนาระบบงาน', NULL, '2025-11-24 04:42:36', '2025-11-24 04:42:36'),
(12, 5, 'ส่งเสริมการจัดการความรู้ สร้างนวัตกรรมบริการด้วย R2R / CQI ของบุคลากร อย่างต่อเนื่อง', NULL, '2025-11-24 04:42:36', '2025-11-24 04:42:36'),
(13, 6, 'พัฒนาระบบบริการ', NULL, '2025-11-24 04:42:36', '2025-11-24 04:42:36'),
(14, 6, 'พัฒนาศักยภาพเฉพาะด้าน/เฉพาะทางในการให้บริการ', NULL, '2025-11-24 04:42:36', '2025-11-24 04:42:36'),
(15, 6, 'ปรับปรุงสิ่งแวดล้อมที่เอื้อต่อการรับบริการ', NULL, '2025-11-24 04:42:36', '2025-11-24 04:42:36'),
(16, 7, 'สร้างภาคีเครือข่ายในการดูแลสุขภาพตามกลุ่มวัย', NULL, '2025-11-24 04:42:36', '2025-11-24 04:42:36'),
(17, 7, 'สนับสนุนการมีส่วนร่วมของประชาชน ผ่านนโยบายอำเภอสุขภาพดี', NULL, '2025-11-24 04:42:36', '2025-11-24 04:42:36'),
(18, 7, 'สร้างบุคคลต้นแบบด้านการดูแลสุขภาพ เพื่อขยายความรู้ในชุมชน', NULL, '2025-11-24 04:42:36', '2025-11-24 04:42:36'),
(19, 7, 'ใช้เทคโนโลยีมาช่วยดูแลผู้ป่วยเบาหวาน ความดัน ให้สามารถเข้าถึงบริการทางการแพทย์ได้อย่างรวดเร็ว', NULL, '2025-11-24 04:42:36', '2025-11-24 04:42:36'),
(20, 7, 'เพิ่มการสื่อสารความเสี่ยงด้านสุขภาพ และการดูแลสุขภาพของประชาชนด้วยตนเองผ่าน Health Station', NULL, '2025-11-24 04:42:36', '2025-11-24 04:42:36'),
(21, 8, 'เชื่อมโยงกับองค์กรรอบรู้ด้านสุขภาพ ผ่านโปรแกรม HealthGate', NULL, '2025-11-24 04:42:36', '2025-11-24 04:42:36'),
(22, 8, 'พัฒนาองค์ความรู้และการจัดการความรู้ทีมสุขภาพชุมชน', NULL, '2025-11-24 04:42:36', '2025-11-24 04:42:36'),
(23, 8, 'ใช้ Social Media ในการส่งเสริมสุขภาพ เช่น กลุ่มไลน์ / Facebook', NULL, '2025-11-24 04:42:36', '2025-11-24 04:42:36'),
(24, 8, 'สร้างทีมหมอครอบครัวให้ครอบคลุมประชากร', NULL, '2025-11-24 04:42:36', '2025-11-24 04:42:36'),
(25, 9, 'ส่งเสริมการสื่อสารและการประสานงานระหว่างเครือข่ายบริการสุขภาพกับท้องถิ่น', NULL, '2025-11-24 04:42:36', '2025-11-24 04:42:36'),
(26, 9, 'ส่งเสริมการมีส่วนร่วมของชุมชนในการวางแผน ดำเนินการ และกำกับการดำเนินงานกองทุนสุขภาพ', NULL, '2025-11-24 04:42:36', '2025-11-24 04:42:36'),
(27, 9, 'เชื่อมโยงกับองค์กรรอบรู้ด้านสุขภาพ ผ่านโปรแกรม HealthGate', NULL, '2025-11-24 04:42:36', '2025-11-24 04:42:36'),
(28, 10, 'ใช้นโยบายอำเภอสุขภาพดีในการสร้างภาคีเครือข่าย', NULL, '2025-11-24 04:42:36', '2025-11-24 04:42:36'),
(29, 10, 'ใช้ Social Media ในการส่งเสริมสุขภาพ เช่น กลุ่มไลน์ / Facebook', NULL, '2025-11-24 04:42:36', '2025-11-24 04:42:36'),
(30, 10, 'ส่งเสริมให้ภาคีเครือข่ายมีการประเมินตามมาตรฐาน', NULL, '2025-11-24 04:42:36', '2025-11-24 04:42:36'),
(31, 11, 'ส่งเสริมการสื่อสารและการประสานงานระหว่างเครือข่ายบริการสุขภาพกับท้องถิ่น', NULL, '2025-11-24 04:42:36', '2025-11-24 04:42:36'),
(32, 11, 'ส่งเสริมการมีส่วนร่วมของชุมชนในการวางแผน ดำเนินการ และกำกับการดำเนินงานกองทุนสุขภาพ', NULL, '2025-11-24 04:42:36', '2025-11-24 04:42:36'),
(33, 12, 'ส่งเสริมกิจกรรมการดูแลสุขภาพโดยภาคประชาชน', NULL, '2025-11-24 04:42:36', '2025-11-24 04:42:36'),
(34, 12, 'บริหารจัดการด้วยระบบธรรมาภิบาล', NULL, '2025-11-24 04:42:36', '2025-11-24 04:42:36'),
(35, 13, 'มีการกำกับติดตาม KPI องค์กรเป็นระยะ', NULL, '2025-11-24 04:42:36', '2025-11-24 04:42:36'),
(36, 13, 'ใช้ระบบเทคโนโลยีสารสนเทศมาใช้กำกับติดตาม', NULL, '2025-11-24 04:42:36', '2025-11-24 04:42:36'),
(37, 14, 'พัฒนาศักยภาพโรงพยาบาลเพื่อเพิ่มรายได้ของโรงพยาบาล', NULL, '2025-11-24 04:42:36', '2025-11-24 04:42:36'),
(38, 14, 'พัฒนาศูนย์จัดเก็บรายได้ทุกกองทุน', NULL, '2025-11-24 04:42:36', '2025-11-24 04:42:36'),
(39, 14, 'กำกับติดตามแผนรายได้–ค่าใช้จ่ายของโรงพยาบาล', NULL, '2025-11-24 04:42:36', '2025-11-24 04:42:36'),
(40, 15, 'พัฒนาคุณภาพระบบเทคโนโลยีสารสนเทศตามมาตรฐาน HAITplus', NULL, '2025-11-24 04:42:36', '2025-11-24 04:42:36'),
(41, 15, 'พัฒนาระบบการเข้าถึงข้อมูลตามมาตรฐาน PDPA', NULL, '2025-11-24 04:42:36', '2025-11-24 04:42:36'),
(42, 15, 'พัฒนาการจัดการความเสี่ยงด้านเทคโนโลยีและสารสนเทศ', NULL, '2025-11-24 04:42:36', '2025-11-24 04:42:36'),
(43, 15, 'พัฒนาความสมบูรณ์ของเวชระเบียน', NULL, '2025-11-24 04:42:36', '2025-11-24 04:42:36'),
(44, 16, 'พัฒนาระบบบริหารทรัพยากรบุคคล', NULL, '2025-11-24 04:42:36', '2025-11-24 04:42:36'),
(45, 16, 'ส่งเสริมการจัดการความรู้ของบุคลากรอย่างต่อเนื่อง', NULL, '2025-11-24 04:42:36', '2025-11-24 04:42:36'),
(46, 16, 'ส่งเสริมบุคลากรให้ปฏิบัติงานตามจรรยาบรรณวิชาชีพ', NULL, '2025-11-24 04:42:36', '2025-11-24 04:42:36'),
(47, 16, 'สร้างขวัญและกำลังใจให้กับบุคลากรตามความเหมาะสม', NULL, '2025-11-24 04:42:36', '2025-11-24 04:42:36'),
(48, 16, 'ส่งเสริมความก้าวหน้าของบุคลากรในตำแหน่งหรือเลื่อนระดับที่สูงขึ้น', NULL, '2025-11-24 04:42:36', '2025-11-24 04:42:36'),
(49, 16, 'ส่งเสริมสนับสนุนบุคลากรให้ได้รับการบรรจุข้าราชการเมื่อมีโอกาส', NULL, '2025-11-24 04:42:36', '2025-11-24 04:42:36'),
(50, 17, 'สนับสนุนการสร้างองค์กรแห่งการเรียนรู้', NULL, '2025-11-24 04:42:36', '2025-11-24 04:42:36'),
(51, 17, 'ส่งเสริมการจัดการความรู้ของบุคลากรอย่างต่อเนื่อง', NULL, '2025-11-24 04:42:36', '2025-11-24 04:42:36'),
(52, 17, 'พัฒนาศักยภาพเครือข่ายด้วยการแลกเปลี่ยนเรียนรู้', NULL, '2025-11-24 04:42:36', '2025-11-24 04:42:36'),
(53, 18, 'บริหารองค์กรด้วยหลักธรรมาภิบาล', NULL, '2025-11-24 04:42:36', '2025-11-24 04:42:36'),
(54, 18, 'ส่งเสริมให้บุคลากรปฏิบัติงานตามจรรยาบรรณวิชาชีพ', NULL, '2025-11-24 04:42:36', '2025-11-24 04:42:36'),
(55, 18, 'ส่งเสริมบุคลากรในการพิทักษ์สิทธิ์ผู้มารับบริการ', NULL, '2025-11-24 04:42:36', '2025-11-24 04:42:36'),
(56, 1, 'ส่งเสริมการจัดการความเสี่ยงทางคลินิกและสิ่งแวดล้อม และพัฒนาองค์ความรู้และการจัดการความรู้สหวิชาชีพ และบุคลากร ในการบริการ', '', '2025-11-24 09:32:54', '2025-11-24 09:33:33');

-- --------------------------------------------------------

--
-- Table structure for table `tb_teams`
--

CREATE TABLE `tb_teams` (
  `id` int(11) NOT NULL,
  `code` varchar(50) NOT NULL,
  `name_th` varchar(255) NOT NULL,
  `name_en` varchar(255) DEFAULT NULL,
  `team_group` enum('QUALITY','CLINICAL','SUPPORT','MANAGEMENT','OTHER') NOT NULL DEFAULT 'OTHER',
  `description` text,
  `is_active` tinyint(1) NOT NULL DEFAULT '1'
) ENGINE=InnoDB DEFAULT CHARSET=utf8;

--
-- Dumping data for table `tb_teams`
--

INSERT INTO `tb_teams` (`id`, `code`, `name_th`, `name_en`, `team_group`, `description`, `is_active`) VALUES
(1, 'QMT', 'ทีมบริหารคุณภาพโรงพยาบาล', 'Quality Management Team', 'QUALITY', 'กำกับทิศทางคุณภาพ HA / KPI / CQI ภาพรวมทั้งโรงพยาบาล', 1),
(2, 'RM', 'ทีมบริหารความเสี่ยง (Risk Management)', 'Risk Management Team', 'QUALITY', 'บริหารความเสี่ยง เหตุการณ์ไม่พึงประสงค์ รายงานอุบัติการณ์ วิเคราะห์ RCA', 1),
(3, 'PS', 'ทีมความปลอดภัยผู้ป่วย', 'Patient Safety Team', 'QUALITY', 'ดูแลเรื่อง Incident, Near-miss, Patient safety goal ต่าง ๆ', 1),
(4, 'IC', 'ทีมควบคุมการติดเชื้อในโรงพยาบาล (IC)', 'Infection Control Team', 'QUALITY', 'กำกับมาตรการป้องกันการติดเชื้อ HAI, ICN, Surveillance', 1),
(5, 'ENV', 'ทีมสิ่งแวดล้อมและความปลอดภัย', 'Environment & Safety Team', 'QUALITY', 'ดูแลด้านสภาพแวดล้อม ความปลอดภัย อาคารสถานที่ อัคคีภัย น้ำ/ไฟ/อากาศ', 1),
(6, 'PTC', 'คณะกรรมการเภสัชกรรมและการบำบัด (PTC)', 'Pharmacy & Therapeutics Committee', 'QUALITY', 'กำกับบัญชียา การใช้ยาอย่างสมเหตุผล (RDU) ทบทวนการใช้ยา', 1),
(7, 'ADR', 'ทีมเหตุการณ์ไม่พึงประสงค์จากยา (ADR / MUE)', 'Adverse Drug Reaction / Medication Use Eval.', 'QUALITY', 'เฝ้าระวังอาการไม่พึงประสงค์จากยา ทบทวนเคสใช้ยาเสี่ยง', 1),
(8, 'TRANSF', 'ทีมธนาคารเลือดและการให้เลือดอย่างปลอดภัย', 'Transfusion Safety Team', 'QUALITY', 'ดูแลความปลอดภัยในการให้เลือด การ cross–match, การติดตามปฏิกิริยาหลังให้เลือด', 1),
(9, 'RESUS', 'ทีมกู้ชีพ–CPR', 'Resuscitation / CPR Team', 'QUALITY', 'ทบทวนเคส CPR, อบรม BLS/ACLS, ติดตามผลลัพธ์การกู้ชีพ', 1),
(10, 'FALL', 'ทีมป้องกันการพลัดตกหกล้ม', 'Fall Prevention Team', 'QUALITY', 'กำกับนโยบาย ป้องกันและติดตามเหตุพลัดตกหกล้มใน รพ.', 1),
(11, 'PAIN', 'ทีมการจัดการความปวด', 'Pain Management Team', 'QUALITY', 'กำกับการประเมินและจัดการความปวดอย่างเหมาะสม', 1),
(12, 'PCT-CHRONIC', 'ทีม PCT โรคเรื้อรัง (DM/HT/CKD)', 'Chronic Care PCT', 'CLINICAL', 'ดูแลผู้ป่วยเบาหวาน ความดัน ไตเรื้อรัง และโรค NCD อื่น ๆ', 0),
(13, 'PCT', 'ทีม PCT', 'PCT', 'CLINICAL', 'ดูแลแนวทาง PCT', 1),
(14, 'PCT-ACS', 'ทีม PCT กล้ามเนื้อหัวใจขาดเลือดเฉียบพลัน (ACS/STEMI)', 'ACS / STEMI PCT', 'CLINICAL', 'กำกับเส้นทางดูแล STEMI/ACS, Door–to–needle, Refer', 0),
(15, 'PCT-MCH', 'ทีม PCT แม่และเด็ก', 'Mother & Child PCT', 'CLINICAL', 'ดูแล ANC, L&D, PNC, วัยเด็ก, การให้นมแม่', 0),
(16, 'PCT-ER', 'ทีม PCT ฉุกเฉิน', 'Emergency PCT', 'CLINICAL', 'พัฒนาระบบ ER, Triage, Trauma, Refer', 0),
(17, 'PCT-OPD', 'ทีม PCT ผู้ป่วยนอก', 'OPD PCT', 'CLINICAL', 'พัฒนาระบบบริการผู้ป่วยนอก การนัด การคัดกรองฯ', 0),
(18, 'PCT-IPD', 'ทีม PCT ผู้ป่วยใน', 'IPD PCT', 'CLINICAL', 'จัดการคุณภาพการดูแลผู้ป่วยใน LOS, Readmission, Pressure injury', 0),
(19, 'PCT-PSY', 'ทีม PCT จิตเวช/สุขภาพจิต', 'Psychiatric / Mental Health PCT', 'CLINICAL', 'ดูแลผู้ป่วยจิตเวช, Suicide prevention, Follow-up', 0),
(20, 'LAB-QA', 'ทีมคุณภาพห้องปฏิบัติการ (LAB)', 'Laboratory Quality Team', 'SUPPORT', 'กำกับคุณภาพการตรวจทางห้องปฏิบัติการ, EQA/IQA', 1),
(21, 'RAD-QA', 'ทีมคุณภาพรังสีวินิจฉัย', 'Radiology Quality Team', 'SUPPORT', 'ความปลอดภัยรังสี คุณภาพรายงานผลภาพวินิจฉัย', 1),
(22, 'CSSD', 'ทีมคุณภาพงานทำลายเชื้อ/ทำให้ปราศจากเชื้อ', 'CSSD Quality Team', 'SUPPORT', 'การทำลายเชื้อเครื่องมือแพทย์ ติดตาม indicator ต่าง ๆ', 1),
(23, 'NUTRI', 'ทีมโภชนาการและอาหาร', 'Nutrition & Dietary Team', 'SUPPORT', 'ดูแลคุณภาพอาหารผู้ป่วยและบุคลากร ภาวะโภชนาการ', 1),
(24, 'SOCIAL', 'ทีมสังคมสงเคราะห์/ดูแลต่อเนื่อง', 'Medical Social & Continuity of Care Team', 'SUPPORT', 'จัดการผู้ป่วยกลุ่มเปราะบาง การดูแลต่อเนื่องในชุมชน', 1),
(25, 'HRD', 'ทีมพัฒนาทรัพยากรบุคคล (HRD)', 'Human Resource Development Team', 'MANAGEMENT', 'วางแผนกำลังคน แผนพัฒนาความรู้ ทักษะบุคลากร', 1),
(26, 'FIN', 'ทีมบริหารการเงินการคลัง', 'Finance Management Team', 'MANAGEMENT', 'ดูแลรายรับ-รายจ่าย, ต้นทุน, DRG/UC', 1),
(27, 'IT-HIS', 'ทีมสารสนเทศสุขภาพ (HIS/IT)', 'Health Information System / IT Team', 'MANAGEMENT', 'ดูแลระบบ HIS, ฐานข้อมูล, รายงาน, ความปลอดภัยข้อมูล', 1),
(28, 'OC-HEALTH', 'ทีมอาชีวอนามัยและความปลอดภัยบุคลากร', 'Occupational Health & Safety', 'MANAGEMENT', 'ดูแลสุขภาพบุคลากร, post exposure, needle-stick injury, vaccine staff', 1),
(29, 'WASTE', 'ทีมจัดการของเสียและสิ่งปฏิกูล', 'Waste Management Team', 'OTHER', 'การคัดแยกขยะติดเชื้อ/ไม่ติดเชื้อ น้ำเสีย, สารเคมี', 1),
(30, 'COMM', 'ทีมประชาสัมพันธ์และความสัมพันธ์ชุมชน', 'Community Relation / PR Team', 'OTHER', 'ดูแลภาพลักษณ์ การสื่อสารกับชุมชน อสม./เครือข่าย', 1),
(31, 'DISASTER', 'ทีมตอบโต้ภาวะฉุกเฉินและภัยพิบัติ', 'Disaster & Emergency Response Team', 'OTHER', 'แผนรับเหตุสาธารณภัย อุบัติเหตุหมู่ โรคระบาดใหญ่', 1);

-- --------------------------------------------------------

--
-- Table structure for table `tb_team_members`
--

CREATE TABLE `tb_team_members` (
  `id` int(11) NOT NULL,
  `team_id` int(11) NOT NULL,
  `user_id` int(11) NOT NULL,
  `department_id` int(11) DEFAULT NULL,
  `role_in_team` varchar(255) DEFAULT NULL,
  `created_at` datetime NOT NULL DEFAULT CURRENT_TIMESTAMP
) ENGINE=InnoDB DEFAULT CHARSET=utf8;

-- --------------------------------------------------------

--
-- Table structure for table `tb_users`
--

CREATE TABLE `tb_users` (
  `id` int(11) NOT NULL,
  `username` varchar(255) NOT NULL,
  `fullname` varchar(255) NOT NULL,
  `position` varchar(255) NOT NULL,
  `department` varchar(255) NOT NULL,
  `division` varchar(255) NOT NULL,
  `password` varchar(255) NOT NULL,
  `role` enum('admin','manager','staff') DEFAULT 'staff',
  `created_at` timestamp NOT NULL DEFAULT CURRENT_TIMESTAMP
) ENGINE=InnoDB DEFAULT CHARSET=utf8;

--
-- Dumping data for table `tb_users`
--

INSERT INTO `tb_users` (`id`, `username`, `fullname`, `position`, `department`, `division`, `password`, `role`, `created_at`) VALUES
(1, 'admin', 'ภานุพัฒน์ เทียนเห็ด', 'นักวิชาการคอมพิวเตอร์', 'งานสุขภาพดิจิทัล', 'กลุ่มงานสุขภาพดิจิทัล', '$2y$10$2Q554vwUB5hrE.HAC1voqu7jz6xlVzh8EB8XmAhc5DBRX2Iy9p/fK', 'admin', '2025-02-18 07:20:02'),
(3, 'por', 'Panupat', 'นักวิชาการคอมพิวเตอร์', 'งานสุขภาพดิจิทัล', 'กลุ่มงานสุขภาพดิจิทัล', '$2y$10$j6BiTNkDB3yheADwRD4GueZCRSWfyIjJUqdMJF0gAdSejV1wie9Ua', 'admin', '2025-02-25 06:11:13'),
(4, 'pantidha', 'พันฐิดา สายทอง', 'นักวิชาการคอมพิวเตอร์ปฎิบัติการ', 'งานสุขภาพดิจิทัล', 'กลุ่มงานสุขภาพดิจิทัล', '$2y$10$DhJVK2hoJFxlk.9Fcvg83ef4mOx1GSIYVZ0IH5EsQtZOmcMkLuWee', 'admin', '2025-03-14 03:46:45'),
(5, 'head_qi', 'ทีมบริหารและพัฒนาคุณภาพโรงพยาบาล', 'ทีมบริหารคุณภาพ', 'งานพัฒนาคุณภาพ', 'กลุ่มงานบริหาร', '$2y$10$j6BiTNkDB3yheADwRD4GueZCRSWfyIjJUqdMJF0gAdSejV1wie9Ua', 'staff', '2025-11-18 03:34:52'),
(6, 'head_opd', 'หัวหน้าฝ่ายผู้ป่วยนอก', 'หัวหน้าฝ่ายผู้ป่วยนอก', 'ฝ่ายผู้ป่วยนอก', 'กลุ่มงานการพยาบาล', '$2y$10$j6BiTNkDB3yheADwRD4GueZCRSWfyIjJUqdMJF0gAdSejV1wie9Ua', 'staff', '2025-11-18 03:34:52'),
(7, 'head_ncd', 'หัวหน้าคลินิกโรคไม่ติดต่อเรื้อรัง', 'หัวหน้าคลินิก NCD', 'คลินิกโรคไม่ติดต่อเรื้อรัง', 'กลุ่มงานเวชกรรมสังคม', '$2y$10$j6BiTNkDB3yheADwRD4GueZCRSWfyIjJUqdMJF0gAdSejV1wie9Ua', 'staff', '2025-11-18 03:34:52'),
(8, 'head_dental', 'หัวหน้าทีมทันตกรรม', 'ทันตแพทย์หัวหน้าทีม', 'งานทันตกรรม', 'กลุ่มงานทันตกรรม', '$2y$10$gzAQnctuXWaCNcYwPyBDAup44K7MY/pfcoDbhWeYFFmGkMudyMPre', 'admin', '2025-11-18 03:34:52'),
(9, 'head_ipd', 'หัวหน้าพยาบาลผู้ป่วยใน', 'หัวหน้าหอผู้ป่วยใน', 'หอผู้ป่วยใน', 'กลุ่มงานการพยาบาล', '$2y$10$j6BiTNkDB3yheADwRD4GueZCRSWfyIjJUqdMJF0gAdSejV1wie9Ua', 'staff', '2025-11-18 03:34:52'),
(10, 'head_psy', 'หัวหน้าทีมจิตเวชและยาเสพติด', 'หัวหน้าทีมจิตเวช', 'คลินิกจิตเวชและยาเสพติด', 'กลุ่มงานจิตเวช', '$2y$10$j6BiTNkDB3yheADwRD4GueZCRSWfyIjJUqdMJF0gAdSejV1wie9Ua', 'staff', '2025-11-18 03:34:52'),
(11, 'head_std', 'หัวหน้าทีมโรคติดต่อทางเพศสัมพันธ์', 'หัวหน้าทีม STD', 'คลินิกโรคติดต่อทางเพศสัมพันธ์', 'กลุ่มงานเวชกรรมสังคม', '$2y$10$j6BiTNkDB3yheADwRD4GueZCRSWfyIjJUqdMJF0gAdSejV1wie9Ua', 'staff', '2025-11-18 03:34:52'),
(12, 'head_eye', 'หัวหน้าทีมผ่าตัดตา', 'จักษุแพทย์หัวหน้าทีม', 'ห้องผ่าตัดตา', 'กลุ่มงานศัลยกรรม', '$2y$10$j6BiTNkDB3yheADwRD4GueZCRSWfyIjJUqdMJF0gAdSejV1wie9Ua', 'staff', '2025-11-18 03:34:52'),
(13, 'head_urology', 'หัวหน้าทีมคลินิกทางเดินปัสสาวะ', 'ศัลยแพทย์ทางเดินปัสสาวะ', 'คลินิกทางเดินปัสสาวะ', 'กลุ่มงานศัลยกรรม', '$2y$10$j6BiTNkDB3yheADwRD4GueZCRSWfyIjJUqdMJF0gAdSejV1wie9Ua', 'staff', '2025-11-18 03:34:52'),
(14, 'head_cardio', 'หัวหน้าทีมคลินิกหัวใจ', 'หัวหน้าทีมโรคหัวใจ', 'คลินิกหัวใจ', 'กลุ่มงานอายุรกรรม', '$2y$10$j6BiTNkDB3yheADwRD4GueZCRSWfyIjJUqdMJF0gAdSejV1wie9Ua', 'staff', '2025-11-18 03:34:52'),
(15, 'head_hd', 'หัวหน้าทีมคลินิกไตเทียม', 'หัวหน้าหน่วยไตเทียม', 'คลินิกไตเทียม', 'กลุ่มงานอายุรกรรม', '$2y$10$j6BiTNkDB3yheADwRD4GueZCRSWfyIjJUqdMJF0gAdSejV1wie9Ua', 'staff', '2025-11-18 03:34:52'),
(16, 'head_nursing', 'หัวหน้ากลุ่มการพยาบาล', 'หัวหน้ากลุ่มการพยาบาล', 'กลุ่มการพยาบาล', 'กลุ่มการพยาบาล', '$2y$10$j6BiTNkDB3yheADwRD4GueZCRSWfyIjJUqdMJF0gAdSejV1wie9Ua', 'staff', '2025-11-18 03:34:52'),
(17, 'head_hr', 'หัวหน้าฝ่ายทรัพยากรบุคคล', 'หัวหน้าทรัพยากรบุคคล', 'งานทรัพยากรบุคคล', 'กลุ่มงานบริหาร', '$2y$10$j6BiTNkDB3yheADwRD4GueZCRSWfyIjJUqdMJF0gAdSejV1wie9Ua', 'staff', '2025-11-18 03:34:52'),
(18, 'head_finance', 'หัวหน้าทีมการเงินการคลัง', 'หัวหน้าการเงิน', 'งานการเงินการคลัง', 'กลุ่มงานบริหาร', '$2y$10$j6BiTNkDB3yheADwRD4GueZCRSWfyIjJUqdMJF0gAdSejV1wie9Ua', 'staff', '2025-11-18 03:34:52'),
(19, 'head_healthit', 'หัวหน้างานสุขภาพดิจิทัล', 'หัวหน้างานสุขภาพดิจิทัล', 'งานสุขภาพดิจิทัล', 'กลุ่มงานสุขภาพดิจิทัล', '$2y$10$j6BiTNkDB3yheADwRD4GueZCRSWfyIjJUqdMJF0gAdSejV1wie9Ua', 'staff', '2025-11-18 03:34:52');

-- --------------------------------------------------------

--
-- Table structure for table `tb_user_teams`
--

CREATE TABLE `tb_user_teams` (
  `id` int(11) NOT NULL,
  `user_id` int(11) NOT NULL,
  `team_id` int(11) NOT NULL,
  `role_in_team` varchar(100) DEFAULT NULL
) ENGINE=InnoDB DEFAULT CHARSET=utf8;

--
-- Dumping data for table `tb_user_teams`
--

INSERT INTO `tb_user_teams` (`id`, `user_id`, `team_id`, `role_in_team`) VALUES
(1, 3, 2, NULL),
(2, 3, 1, NULL),
(3, 3, 5, NULL),
(4, 3, 26, NULL),
(5, 3, 27, NULL),
(6, 3, 30, NULL);

-- --------------------------------------------------------

--
-- Table structure for table `tb_user_team_map`
--

CREATE TABLE `tb_user_team_map` (
  `id` int(11) NOT NULL,
  `user_id` int(11) NOT NULL,
  `team_id` int(11) NOT NULL,
  `is_leader` tinyint(1) NOT NULL DEFAULT '0' COMMENT '1 = หัวหน้าทีม',
  `created_at` datetime NOT NULL DEFAULT CURRENT_TIMESTAMP
) ENGINE=InnoDB DEFAULT CHARSET=utf8;

--
-- Dumping data for table `tb_user_team_map`
--

INSERT INTO `tb_user_team_map` (`id`, `user_id`, `team_id`, `is_leader`, `created_at`) VALUES
(6, 3, 27, 0, '2025-11-25 10:50:42');

-- --------------------------------------------------------

--
-- Table structure for table `tb_workgroups`
--

CREATE TABLE `tb_workgroups` (
  `id` int(10) UNSIGNED NOT NULL,
  `group_code` varchar(20) DEFAULT NULL,
  `group_name` varchar(150) NOT NULL,
  `is_active` tinyint(1) NOT NULL DEFAULT '1',
  `sort_order` int(11) DEFAULT '0',
  `created_at` datetime NOT NULL DEFAULT CURRENT_TIMESTAMP,
  `updated_at` datetime NOT NULL DEFAULT CURRENT_TIMESTAMP ON UPDATE CURRENT_TIMESTAMP
) ENGINE=InnoDB DEFAULT CHARSET=utf8;

--
-- Dumping data for table `tb_workgroups`
--

INSERT INTO `tb_workgroups` (`id`, `group_code`, `group_name`, `is_active`, `sort_order`, `created_at`, `updated_at`) VALUES
(1, '03', 'กลุ่มงานงานบริหารทั่วไป', 1, 3, '2025-10-23 16:08:43', '2025-11-03 07:14:49'),
(4, '04', 'กลุ่มงานการพยาบาล', 1, 4, '2025-10-23 18:27:13', '2025-10-26 17:29:23'),
(5, '02', 'กลุ่มงานเทคนิคการแพทย์', 1, 2, '2025-10-24 14:12:55', '2025-11-03 07:15:09'),
(6, '01', 'กลุ่มงานการแพทย์', 1, 1, '2025-10-24 14:13:17', '2025-11-03 07:14:59'),
(7, '06', 'กลุ่มงานทันตกรรม', 1, 6, '2025-10-24 14:13:45', '2025-10-26 17:29:33'),
(8, '07', 'กลุ่มงานเภสัชกรรมฯ', 1, 7, '2025-10-24 14:14:02', '2025-10-26 17:29:39'),
(9, '08', 'กลุ่มงานปฐมภูมิและองค์รวม', 1, 8, '2025-10-24 14:14:23', '2025-10-26 17:29:44'),
(10, '09', 'กลุ่มงานจิตเวชและยาเสพติด', 1, 9, '2025-10-24 14:14:44', '2025-10-26 17:29:49'),
(11, '10', 'กลุ่มงานประกันสุขภาพ', 1, 10, '2025-10-24 14:15:13', '2025-10-26 17:29:56'),
(12, '11', 'กลุ่มงานรังสีวิทยา', 1, 11, '2025-10-24 14:15:42', '2025-10-26 17:30:04'),
(13, '12', 'กลุ่มงานกายภาพบำบัด', 1, 12, '2025-10-24 14:15:57', '2025-10-26 17:30:12'),
(14, '14', 'กลุ่มงานโภชนศาสตร์', 1, 14, '2025-10-24 14:16:11', '2025-10-26 17:30:26'),
(15, '13', 'กลุ่มงานแพทย์แผนไทย', 1, 13, '2025-10-24 14:16:34', '2025-10-26 17:30:20'),
(16, '05', 'กลุ่มงานสุขภาพดิจิทัล', 1, 5, '2025-10-29 16:17:44', '2025-10-29 16:17:44'),
(17, '15', 'อื่นๆ', 1, 15, '2025-11-09 09:51:41', '2025-11-09 09:51:41');

--
-- Indexes for dumped tables
--

--
-- Indexes for table `positions`
--
ALTER TABLE `positions`
  ADD PRIMARY KEY (`id`),
  ADD UNIQUE KEY `uq_positions_code` (`position_code`),
  ADD KEY `idx_position_code` (`position_code`);

--
-- Indexes for table `tb_categories`
--
ALTER TABLE `tb_categories`
  ADD PRIMARY KEY (`id`),
  ADD UNIQUE KEY `uq_category_name` (`name`);

--
-- Indexes for table `tb_departments`
--
ALTER TABLE `tb_departments`
  ADD PRIMARY KEY (`id`);

--
-- Indexes for table `tb_fiscal_years`
--
ALTER TABLE `tb_fiscal_years`
  ADD PRIMARY KEY (`year`);

--
-- Indexes for table `tb_kpis_backup`
--
ALTER TABLE `tb_kpis_backup`
  ADD PRIMARY KEY (`id`),
  ADD KEY `idx_kpi_cat` (`category_id`),
  ADD KEY `idx_kpi_year` (`fiscal_year`),
  ADD KEY `idx_kpi_issue` (`strategic_issue`),
  ADD KEY `idx_kpi_mission` (`mission`);

--
-- Indexes for table `tb_kpis_legacy`
--
ALTER TABLE `tb_kpis_legacy`
  ADD PRIMARY KEY (`id`),
  ADD KEY `idx_kpi_cat` (`category_id`),
  ADD KEY `idx_kpi_year` (`fiscal_year`),
  ADD KEY `idx_kpi_issue` (`strategic_issue`),
  ADD KEY `idx_kpi_mission` (`mission`);

--
-- Indexes for table `tb_kpi_instances`
--
ALTER TABLE `tb_kpi_instances`
  ADD PRIMARY KEY (`id`),
  ADD UNIQUE KEY `uq_by_period` (`template_id`,`fiscal_year`,`quarter1`,`quarter2`,`quarter3`,`quarter4`),
  ADD KEY `idx_tpl` (`template_id`),
  ADD KEY `idx_fy` (`fiscal_year`);

--
-- Indexes for table `tb_kpi_templates`
--
ALTER TABLE `tb_kpi_templates`
  ADD PRIMARY KEY (`id`),
  ADD KEY `idx_cat` (`category_id`),
  ADD KEY `idx_si` (`strategic_issue`),
  ADD KEY `idx_mi` (`mission`),
  ADD KEY `uq_tpl_key` (`kpi_name`(191),`strategic_issue`,`mission`,`category_id`);

--
-- Indexes for table `tb_missions`
--
ALTER TABLE `tb_missions`
  ADD PRIMARY KEY (`id`),
  ADD UNIQUE KEY `uq_mission_name` (`name`),
  ADD KEY `idx_mission_issue` (`strategic_issue`);

--
-- Indexes for table `tb_positions`
--
ALTER TABLE `tb_positions`
  ADD PRIMARY KEY (`id`),
  ADD UNIQUE KEY `uq_positions_code` (`position_code`),
  ADD KEY `idx_position_code` (`position_code`);

--
-- Indexes for table `tb_strategic_issues`
--
ALTER TABLE `tb_strategic_issues`
  ADD PRIMARY KEY (`id`),
  ADD UNIQUE KEY `uq_issue_name` (`name`),
  ADD KEY `idx_issue_cat` (`category_id`);

--
-- Indexes for table `tb_strategies`
--
ALTER TABLE `tb_strategies`
  ADD PRIMARY KEY (`id`),
  ADD KEY `idx_strategy_mission` (`mission_id`);

--
-- Indexes for table `tb_teams`
--
ALTER TABLE `tb_teams`
  ADD PRIMARY KEY (`id`),
  ADD UNIQUE KEY `uq_team_code` (`code`);

--
-- Indexes for table `tb_team_members`
--
ALTER TABLE `tb_team_members`
  ADD PRIMARY KEY (`id`),
  ADD UNIQUE KEY `uq_team_user_dept` (`team_id`,`user_id`,`department_id`),
  ADD KEY `fk_tm_user` (`user_id`),
  ADD KEY `fk_tm_dept` (`department_id`);

--
-- Indexes for table `tb_users`
--
ALTER TABLE `tb_users`
  ADD PRIMARY KEY (`id`),
  ADD UNIQUE KEY `username` (`username`),
  ADD UNIQUE KEY `uk_tb_users_username` (`username`);

--
-- Indexes for table `tb_user_teams`
--
ALTER TABLE `tb_user_teams`
  ADD PRIMARY KEY (`id`),
  ADD UNIQUE KEY `uq_user_team` (`user_id`,`team_id`),
  ADD KEY `fk_userteams_team` (`team_id`);

--
-- Indexes for table `tb_user_team_map`
--
ALTER TABLE `tb_user_team_map`
  ADD PRIMARY KEY (`id`),
  ADD KEY `idx_user` (`user_id`),
  ADD KEY `idx_team` (`team_id`);

--
-- Indexes for table `tb_workgroups`
--
ALTER TABLE `tb_workgroups`
  ADD PRIMARY KEY (`id`),
  ADD KEY `idx_active` (`is_active`),
  ADD KEY `idx_sort` (`sort_order`);

--
-- AUTO_INCREMENT for dumped tables
--

--
-- AUTO_INCREMENT for table `positions`
--
ALTER TABLE `positions`
  MODIFY `id` int(11) NOT NULL AUTO_INCREMENT, AUTO_INCREMENT=60;

--
-- AUTO_INCREMENT for table `tb_categories`
--
ALTER TABLE `tb_categories`
  MODIFY `id` int(11) NOT NULL AUTO_INCREMENT, AUTO_INCREMENT=14;

--
-- AUTO_INCREMENT for table `tb_departments`
--
ALTER TABLE `tb_departments`
  MODIFY `id` int(11) NOT NULL AUTO_INCREMENT, AUTO_INCREMENT=31;

--
-- AUTO_INCREMENT for table `tb_kpis_backup`
--
ALTER TABLE `tb_kpis_backup`
  MODIFY `id` int(11) NOT NULL AUTO_INCREMENT;

--
-- AUTO_INCREMENT for table `tb_kpis_legacy`
--
ALTER TABLE `tb_kpis_legacy`
  MODIFY `id` int(11) NOT NULL AUTO_INCREMENT;

--
-- AUTO_INCREMENT for table `tb_kpi_instances`
--
ALTER TABLE `tb_kpi_instances`
  MODIFY `id` int(11) NOT NULL AUTO_INCREMENT, AUTO_INCREMENT=582;

--
-- AUTO_INCREMENT for table `tb_kpi_templates`
--
ALTER TABLE `tb_kpi_templates`
  MODIFY `id` int(11) NOT NULL AUTO_INCREMENT, AUTO_INCREMENT=46;

--
-- AUTO_INCREMENT for table `tb_missions`
--
ALTER TABLE `tb_missions`
  MODIFY `id` int(11) NOT NULL AUTO_INCREMENT, AUTO_INCREMENT=19;

--
-- AUTO_INCREMENT for table `tb_positions`
--
ALTER TABLE `tb_positions`
  MODIFY `id` int(11) NOT NULL AUTO_INCREMENT, AUTO_INCREMENT=60;

--
-- AUTO_INCREMENT for table `tb_strategic_issues`
--
ALTER TABLE `tb_strategic_issues`
  MODIFY `id` int(11) NOT NULL AUTO_INCREMENT, AUTO_INCREMENT=28;

--
-- AUTO_INCREMENT for table `tb_strategies`
--
ALTER TABLE `tb_strategies`
  MODIFY `id` int(11) NOT NULL AUTO_INCREMENT, AUTO_INCREMENT=57;

--
-- AUTO_INCREMENT for table `tb_teams`
--
ALTER TABLE `tb_teams`
  MODIFY `id` int(11) NOT NULL AUTO_INCREMENT, AUTO_INCREMENT=32;

--
-- AUTO_INCREMENT for table `tb_team_members`
--
ALTER TABLE `tb_team_members`
  MODIFY `id` int(11) NOT NULL AUTO_INCREMENT;

--
-- AUTO_INCREMENT for table `tb_users`
--
ALTER TABLE `tb_users`
  MODIFY `id` int(11) NOT NULL AUTO_INCREMENT, AUTO_INCREMENT=20;

--
-- AUTO_INCREMENT for table `tb_user_teams`
--
ALTER TABLE `tb_user_teams`
  MODIFY `id` int(11) NOT NULL AUTO_INCREMENT, AUTO_INCREMENT=7;

--
-- AUTO_INCREMENT for table `tb_user_team_map`
--
ALTER TABLE `tb_user_team_map`
  MODIFY `id` int(11) NOT NULL AUTO_INCREMENT, AUTO_INCREMENT=7;

--
-- AUTO_INCREMENT for table `tb_workgroups`
--
ALTER TABLE `tb_workgroups`
  MODIFY `id` int(10) UNSIGNED NOT NULL AUTO_INCREMENT, AUTO_INCREMENT=18;

--
-- Constraints for dumped tables
--

--
-- Constraints for table `tb_kpis_legacy`
--
ALTER TABLE `tb_kpis_legacy`
  ADD CONSTRAINT `fk_kpi_category` FOREIGN KEY (`category_id`) REFERENCES `tb_categories` (`id`) ON DELETE SET NULL ON UPDATE CASCADE;

--
-- Constraints for table `tb_kpi_instances`
--
ALTER TABLE `tb_kpi_instances`
  ADD CONSTRAINT `fk_inst_tpl` FOREIGN KEY (`template_id`) REFERENCES `tb_kpi_templates` (`id`) ON DELETE CASCADE ON UPDATE CASCADE;

--
-- Constraints for table `tb_strategic_issues`
--
ALTER TABLE `tb_strategic_issues`
  ADD CONSTRAINT `fk_si_category` FOREIGN KEY (`category_id`) REFERENCES `tb_categories` (`id`) ON DELETE CASCADE ON UPDATE CASCADE;

--
-- Constraints for table `tb_strategies`
--
ALTER TABLE `tb_strategies`
  ADD CONSTRAINT `fk_strategy_mission` FOREIGN KEY (`mission_id`) REFERENCES `tb_missions` (`id`) ON DELETE CASCADE ON UPDATE CASCADE;

--
-- Constraints for table `tb_team_members`
--
ALTER TABLE `tb_team_members`
  ADD CONSTRAINT `fk_tm_dept` FOREIGN KEY (`department_id`) REFERENCES `tb_departments` (`id`) ON DELETE SET NULL,
  ADD CONSTRAINT `fk_tm_team` FOREIGN KEY (`team_id`) REFERENCES `tb_teams` (`id`) ON DELETE CASCADE,
  ADD CONSTRAINT `fk_tm_user` FOREIGN KEY (`user_id`) REFERENCES `users` (`id`) ON DELETE CASCADE;

--
-- Constraints for table `tb_user_teams`
--
ALTER TABLE `tb_user_teams`
  ADD CONSTRAINT `fk_userteams_team` FOREIGN KEY (`team_id`) REFERENCES `tb_teams` (`id`) ON DELETE CASCADE,
  ADD CONSTRAINT `fk_userteams_user` FOREIGN KEY (`user_id`) REFERENCES `tb_users` (`id`) ON DELETE CASCADE;

--
-- Constraints for table `tb_user_team_map`
--
ALTER TABLE `tb_user_team_map`
  ADD CONSTRAINT `fk_utm_team` FOREIGN KEY (`team_id`) REFERENCES `tb_teams` (`id`) ON DELETE CASCADE,
  ADD CONSTRAINT `fk_utm_user` FOREIGN KEY (`user_id`) REFERENCES `tb_users` (`id`) ON DELETE CASCADE;
COMMIT;

/*!40101 SET CHARACTER_SET_CLIENT=@OLD_CHARACTER_SET_CLIENT */;
/*!40101 SET CHARACTER_SET_RESULTS=@OLD_CHARACTER_SET_RESULTS */;
/*!40101 SET COLLATION_CONNECTION=@OLD_COLLATION_CONNECTION */;
